target,entrada,modelo,preproceso,transformacion,params,RMSE,MAE,R2,Bias,RPD,RPIQ
pH,firma .MAT (84),PLSR,RAW,identity,"{""n_components"": 1}",0.8217331247062749,0.6568676443537942,0.08396921888257725,-0.00011682948277717551,1.045423907370299,1.3386341221101317
pH,firma .MAT (84),PLSR,RAW,identity,"{""n_components"": 2}",0.8146914051247036,0.6503023056052202,0.0996015298801517,0.0002437878625157417,1.0544599447622063,1.350204498391172
pH,firma .MAT (84),PLSR,RAW,identity,"{""n_components"": 3}",0.8133619896724994,0.65262328685395,0.10253767722390306,0.0015286103769614075,1.0561834274944908,1.3524113666080158
pH,firma .MAT (84),PLSR,RAW,identity,"{""n_components"": 4}",0.8177116548084101,0.6562701268573649,0.09291318395565284,0.006590975437643369,1.0505652560954593,1.3452174657553704
pH,firma .MAT (84),PLSR,RAW,identity,"{""n_components"": 5}",0.8196968574816303,0.6593433061276908,0.08850347045381346,0.00754148269328358,1.0480209192034031,1.3419595182779518
pH,firma .MAT (84),PLSR,RAW,identity,"{""n_components"": 6}",0.8218669321561167,0.6582821853104338,0.08367086965303483,0.007569696764096318,1.0452537028011946,1.3384161802376184
pH,firma .MAT (84),PLSR,RAW,identity,"{""n_components"": 7}",0.8262901131926249,0.6620323215323972,0.07378119998896004,0.006610621121779217,1.0396583964036552,1.3312515573371837
pH,firma .MAT (84),PLSR,RAW,identity,"{""n_components"": 8}",0.8293693557080308,0.6644998669653153,0.06686506611934839,0.0033749121243566937,1.0357984028872902,1.326308950806281
pH,firma .MAT (84),PLSR,RAW,identity,"{""n_components"": 9}",0.8298789003592858,0.6639139036028149,0.06571812242997177,0.001933178793526382,1.0351624239080184,1.3254945986983984
pH,firma .MAT (84),PLSR,RAW,identity,"{""n_components"": 10}",0.8295650014818976,0.6631271604350223,0.0664247666601342,0.0008902918466922676,1.035554118738681,1.3259961522424513
pH,firma .MAT (84),PLSR,RAW,identity,"{""n_components"": 11}",0.8324193624754145,0.6661150864533941,0.059989236785823796,0.0008627627625286011,1.0320032098861847,1.3214493194017796
pH,firma .MAT (84),PLSR,RAW,identity,"{""n_components"": 12}",0.8334295742841593,0.6678213207831821,0.057706286070166035,0.0014762262941098248,1.0307523041570652,1.3198475719376772
pH,firma .MAT (84),PLSR,RAW,identity,"{""n_components"": 13}",0.8352191022670394,0.668708425116375,0.05365538272117665,0.0012356625478447238,1.0285438296541467,1.3170196862287562
pH,firma .MAT (84),PLSR,RAW,identity,"{""n_components"": 14}",0.8361762757786345,0.6694468503368944,0.051485089830740516,0.0005765377496253902,1.0273664524218846,1.3155120898110826
pH,firma .MAT (84),PLSR,RAW,identity,"{""n_components"": 15}",0.8380961509013783,0.6710120403732749,0.04712447642728734,0.0008066095778560231,1.0250130049184865,1.3124985705004633
pH,firma .MAT (84),PLSR,RAW,identity,"{""n_components"": 16}",0.8397231671015915,0.6721375249008393,0.04342120497825319,0.0017459913444360599,1.0230269780589587,1.3099555223619541
pH,firma .MAT (84),PLSR,RAW,identity,"{""n_components"": 17}",0.8391726695342109,0.6718823045828306,0.0446750031596066,0.0018723440186749671,1.0236980841176186,1.3108148536469413
pH,firma .MAT (84),PLSR,RAW,identity,"{""n_components"": 18}",0.8394138890300926,0.671935057809657,0.04412570944965599,0.002753245275427005,1.0234039075034203,1.3104381692695164
pH,firma .MAT (84),PLSR,RAW,identity,"{""n_components"": 19}",0.8404059868158553,0.6730024006607211,0.04186489107011915,0.0019158868355687684,1.0221957809949194,1.308891199321055
pH,firma .MAT (84),PLSR,RAW,identity,"{""n_components"": 20}",0.8409453546133403,0.6733922453593167,0.04063464505316683,0.0011766273117779615,1.021540162310579,1.3080516991568025
pH,firma .MAT (84),Ridge,RAW,identity,"{""alpha"": 0.001}",0.8442844619125809,0.6759736063811503,0.03300089407580986,0.0016691875161692841,1.0175000166412964,1.3028784131691105
pH,firma .MAT (84),Ridge,RAW,identity,"{""alpha"": 0.0031622776601683794}",0.8442590207748525,0.675954925830037,0.03305917108523704,0.0016649189813564228,1.0175306782717026,1.3029176744720248
pH,firma .MAT (84),Ridge,RAW,identity,"{""alpha"": 0.01}",0.8441791692177038,0.6758961427598409,0.033242072487642216,0.001651650840026945,1.0176269272814737,1.3030409184573504
pH,firma .MAT (84),Ridge,RAW,identity,"{""alpha"": 0.03162277660168379}",0.8439324428344475,0.6757130701554699,0.03380709431972195,0.0016119032926129883,1.0179244338098743,1.3034218666905597
pH,firma .MAT (84),Ridge,RAW,identity,"{""alpha"": 0.1}",0.8432040114141026,0.6751599005017895,0.035474293004931656,0.0015057359069806575,1.018803803607796,1.3045478734799127
pH,firma .MAT (84),Ridge,RAW,identity,"{""alpha"": 0.31622776601683794}",0.841282190994164,0.6736466953567142,0.039865953317968716,0.001306873804633811,1.0211311534253058,1.3075279754824032
pH,firma .MAT (84),Ridge,RAW,identity,"{""alpha"": 1.0}",0.8371167173064317,0.6702869193725074,0.049350314035309095,0.001234114986224077,1.0262122787491474,1.3140342048590794
pH,firma .MAT (84),Ridge,RAW,identity,"{""alpha"": 3.1622776601683795}",0.8298503645066637,0.6641928794636399,0.06578237294070477,0.0017208101876892957,1.0351980197740105,1.3255401781427627
pH,firma .MAT (84),Ridge,RAW,identity,"{""alpha"": 10.0}",0.8197926637207086,0.655808927262191,0.08829038641663933,0.0025822991688370673,1.0478984407436807,1.341802688264546
pH,firma .MAT (84),Ridge,RAW,identity,"{""alpha"": 31.622776601683793}",0.8104036289290873,0.6490933348131255,0.10905430554618245,0.0034053102241050084,1.060039002023286,1.3573483147571799
pH,firma .MAT (84),Ridge,RAW,identity,"{""alpha"": 100.0}",0.8064612237591005,0.6466499995348615,0.1177016638700924,0.003541769080631805,1.0652210282867245,1.3639837447765284
pH,firma .MAT (84),Ridge,RAW,identity,"{""alpha"": 316.22776601683796}",0.8076713408920261,0.6473488609672778,0.11505185171247867,0.002538405795608488,1.0636250298261887,1.3619401163660376
pH,firma .MAT (84),Ridge,RAW,identity,"{""alpha"": 1000.0}",0.8106933332026646,0.6485674899017212,0.1084171985518364,0.0012262817081320856,1.059660193148873,1.356863261295639
pH,firma .MAT (84),SVR,RAW,identity,"{""C"": 1.0, ""gamma"": ""scale"", ""epsilon"": 0.1}",0.8183237092206835,0.6014943879024068,0.09155477292551828,-0.15788814076115112,1.0497794996849714,1.3442113281155763
pH,firma .MAT (84),SVR,RAW,identity,"{""C"": 1.0, ""gamma"": 0.01, ""epsilon"": 0.1}",0.8170943948762065,0.5997428911891547,0.09428211887630078,-0.16294142268101222,1.051358887581392,1.3462336871943108
pH,firma .MAT (84),SVR,RAW,identity,"{""C"": 1.0, ""gamma"": 0.001, ""epsilon"": 0.1}",0.8326784462760319,0.6128182338214172,0.059404004216023876,-0.21260575886211164,1.031682107166326,1.3210381569494245
pH,firma .MAT (84),SVR,RAW,identity,"{""C"": 10.0, ""gamma"": ""scale"", ""epsilon"": 0.1}",0.873236598924717,0.6611429787600193,-0.034456750964111826,-0.07333700008250497,0.9837648297195339,1.2596815128391479
pH,firma .MAT (84),SVR,RAW,identity,"{""C"": 10.0, ""gamma"": 0.01, ""epsilon"": 0.1}",0.8625780935764967,0.6509067917470476,-0.009358229009701402,-0.08306940744640612,0.9959207872809889,1.2752468538113269
pH,firma .MAT (84),SVR,RAW,identity,"{""C"": 10.0, ""gamma"": 0.001, ""epsilon"": 0.1}",0.8210308571179161,0.6083634654348233,0.08553426188979729,-0.17527268738837334,1.0463181092384466,1.339779120922879
pH,firma .MAT (84),SVR,RAW,identity,"{""C"": 100.0, ""gamma"": ""scale"", ""epsilon"": 0.1}",1.0382321000448833,0.7947232288459098,-0.4623030430171162,0.014341468131649694,0.8274252491412099,1.059493344457801
pH,firma .MAT (84),SVR,RAW,identity,"{""C"": 100.0, ""gamma"": 0.01, ""epsilon"": 0.1}",1.0494329658425794,0.8014393980839792,-0.4940250675749758,0.007562228251171872,0.8185939283471134,1.0481851016723307
pH,firma .MAT (84),SVR,RAW,identity,"{""C"": 100.0, ""gamma"": 0.001, ""epsilon"": 0.1}",0.8474423586592056,0.6348678849477611,0.025753587392147392,-0.12026507373452601,1.013708419538072,1.298023386204558
pH,firma .MAT (84),RF,RAW,identity,"{""n_estimators"": 300, ""max_features"": ""sqrt"", ""min_samples_leaf"": 1}",0.8058593926164697,0.6339787395596053,0.11901802346596169,0.03477220956719828,1.0660165556386196,1.3650023938152689
pH,firma .MAT (84),RF,RAW,identity,"{""n_estimators"": 300, ""max_features"": ""sqrt"", ""min_samples_leaf"": 5}",0.7979504503527607,0.6260006571253938,0.1362256019437339,0.014297135543374119,1.0765824540436855,1.3785317114787112
pH,firma .MAT (84),PLSR,SG,identity,"{""n_components"": 1}",0.8222290560079523,0.6574371326759995,0.082863201832162,-0.00012198017555380753,1.0447933550498738,1.3378267186769923
pH,firma .MAT (84),PLSR,SG,identity,"{""n_components"": 2}",0.8148678177014295,0.6504392498706894,0.09921154463934057,0.00019571547231884184,1.0542316623440413,1.3499121895657482
pH,firma .MAT (84),PLSR,SG,identity,"{""n_components"": 3}",0.813337369105584,0.6518499534238414,0.10259200899014687,0.0011840107100210557,1.0562153992638197,1.3524523055047313
pH,firma .MAT (84),PLSR,SG,identity,"{""n_components"": 4}",0.8142371716192756,0.6520974582065451,0.10060528942322122,0.004688783809587308,1.0550481898752244,1.3509577287075052
pH,firma .MAT (84),PLSR,SG,identity,"{""n_components"": 5}",0.8132351051985225,0.6550630296902658,0.10281766363588296,0.006817027629788507,1.056348217821131,1.3526223757045925
pH,firma .MAT (84),PLSR,SG,identity,"{""n_components"": 6}",0.812102622650887,0.6533080267423915,0.10531469279366579,0.007556170157895839,1.0578213024874545,1.354508616668852
pH,firma .MAT (84),PLSR,SG,identity,"{""n_components"": 7}",0.8115723484910017,0.6537488991302725,0.10648270677104976,0.007707568103766337,1.0585124735254134,1.3553936405611728
pH,firma .MAT (84),PLSR,SG,identity,"{""n_components"": 8}",0.8119538609742238,0.6522131946957406,0.10564244126400546,0.006781105280132601,1.0580151106311577,1.3547567822144022
pH,firma .MAT (84),PLSR,SG,identity,"{""n_components"": 9}",0.8118750654621942,0.6505777849891513,0.10581601748734115,0.007248434177649549,1.0581177949552905,1.354888266427764
pH,firma .MAT (84),PLSR,SG,identity,"{""n_components"": 10}",0.8123031033397345,0.6517287577315608,0.10487290314411257,0.008973462375353673,1.05756022661254,1.354174316800486
pH,firma .MAT (84),PLSR,SG,identity,"{""n_components"": 11}",0.812911264935136,0.6524862745771789,0.10353205954230493,0.006940155258593078,1.0567690363038398,1.353161221216157
pH,firma .MAT (84),PLSR,SG,identity,"{""n_components"": 12}",0.8129143524952609,0.6526818317173856,0.10352524968730081,0.004859488841566167,1.0567650225502043,1.353156081724381
pH,firma .MAT (84),PLSR,SG,identity,"{""n_components"": 13}",0.8152245244026818,0.6559464321493491,0.09842273546208924,0.0034431994667288566,1.0537703765419415,1.349321526859087
pH,firma .MAT (84),PLSR,SG,identity,"{""n_components"": 14}",0.8177935111321462,0.6558829159592319,0.09273156857071863,0.002078564152144932,1.0504601006882102,1.3450828173938056
pH,firma .MAT (84),PLSR,SG,identity,"{""n_components"": 15}",0.8214176287287668,0.6603577094468251,0.08467248503546199,0.0019372626229661046,1.045825441286824,1.3391482743100722
pH,firma .MAT (84),PLSR,SG,identity,"{""n_components"": 16}",0.82557887594977,0.6626103009025929,0.0753750174085076,0.0024374362096716714,1.0405540634233792,1.3323984322328106
pH,firma .MAT (84),PLSR,SG,identity,"{""n_components"": 17}",0.8297298339220522,0.6644556640005579,0.06605373178852969,0.003189798796500898,1.0353483976649949,1.3257327325454922
pH,firma .MAT (84),PLSR,SG,identity,"{""n_components"": 18}",0.8295761703057638,0.6644293743676315,0.06639962816581557,0.0012208595737156075,1.0355401767741332,1.3259782999728205
pH,firma .MAT (84),PLSR,SG,identity,"{""n_components"": 19}",0.8287827597195457,0.6642257759306676,0.0681845738446436,0.0026374570824973654,1.0365315204393717,1.3272476859584192
pH,firma .MAT (84),PLSR,SG,identity,"{""n_components"": 20}",0.8291940371494081,0.6639391543572705,0.06725953109299965,0.0024625375090918363,1.0360174043210706,1.326589375608108
pH,firma .MAT (84),Ridge,SG,identity,"{""alpha"": 0.001}",0.836109988318009,0.6684437333468803,0.05163546997043966,0.002160122109253641,1.0274479028461283,1.315616384649171
pH,firma .MAT (84),Ridge,SG,identity,"{""alpha"": 0.0031622776601683794}",0.8344779426666672,0.666834508733297,0.05533417860708034,0.001957748045442697,1.0294573530617466,1.3181894256962947
pH,firma .MAT (84),Ridge,SG,identity,"{""alpha"": 0.01}",0.8324447904009891,0.6648302918369945,0.05993180686557176,0.0018635334317289136,1.031971686233065,1.3214089543045
pH,firma .MAT (84),Ridge,SG,identity,"{""alpha"": 0.03162277660168379}",0.8297455958321084,0.6623191320675235,0.06601824814964807,0.002011607997015785,1.0353287301085743,1.3257075488262968
pH,firma .MAT (84),Ridge,SG,identity,"{""alpha"": 0.1}",0.8256109013801792,0.6598280049031778,0.07530328086525406,0.0024197039137596878,1.0405137003519984,1.3323467485241804
pH,firma .MAT (84),Ridge,SG,identity,"{""alpha"": 0.31622776601683794}",0.8201931322915451,0.6569920556002523,0.08739942888439534,0.0031382026418983215,1.0473867924813087,1.341147537930121
pH,firma .MAT (84),Ridge,SG,identity,"{""alpha"": 1.0}",0.8154690587041626,0.6546244208070294,0.0978817810979119,0.004109428960092477,1.0534543829426768,1.3489169064832167
pH,firma .MAT (84),Ridge,SG,identity,"{""alpha"": 3.1622776601683795}",0.8120592207774417,0.6522349767026491,0.10541032105481041,0.005065998231426962,1.0578778395294874,1.3545810106643352
pH,firma .MAT (84),Ridge,SG,identity,"{""alpha"": 10.0}",0.8095172375878472,0.6502578449549167,0.11100221059785975,0.005749437752156545,1.0611997054019688,1.3588345608028265
pH,firma .MAT (84),Ridge,SG,identity,"{""alpha"": 31.622776601683793}",0.8082747291299143,0.6489521727077824,0.11372911873273917,0.005714377865870646,1.0628310190655017,1.3609234092770903
pH,firma .MAT (84),Ridge,SG,identity,"{""alpha"": 100.0}",0.8085164221371521,0.6485731621038455,0.11319900813291994,0.004560412138219347,1.0625133027914098,1.3605165830675012
pH,firma .MAT (84),Ridge,SG,identity,"{""alpha"": 316.22776601683796}",0.8098490595534997,0.6486523615384847,0.11027325897486884,0.002743543381720642,1.0607648967570216,1.3582778013059262
pH,firma .MAT (84),Ridge,SG,identity,"{""alpha"": 1000.0}",0.8117778399211821,0.6494892232652008,0.1060301694414798,0.0012283350463528145,1.058244524301683,1.3550505395747214
pH,firma .MAT (84),SVR,SG,identity,"{""C"": 1.0, ""gamma"": ""scale"", ""epsilon"": 0.1}",0.820173432763028,0.6036019696288225,0.08744326632796984,-0.1704928523046519,1.0474119493873515,1.3411797505977272
pH,firma .MAT (84),SVR,SG,identity,"{""C"": 1.0, ""gamma"": 0.01, ""epsilon"": 0.1}",0.8200092525022499,0.6030787230789009,0.08780857639739736,-0.17458855106510593,1.0476216596637513,1.3414482783497392
pH,firma .MAT (84),SVR,SG,identity,"{""C"": 1.0, ""gamma"": 0.001, ""epsilon"": 0.1}",0.8331029418656771,0.6153190282597774,0.05844473685685825,-0.2078758305377781,1.031156428426761,1.3203650410075671
pH,firma .MAT (84),SVR,SG,identity,"{""C"": 10.0, ""gamma"": ""scale"", ""epsilon"": 0.1}",0.851726050435846,0.6386689384948859,0.015879360122430186,-0.10526906632161312,1.0086100496825716,1.2914950757196009
pH,firma .MAT (84),SVR,SG,identity,"{""C"": 10.0, ""gamma"": 0.01, ""epsilon"": 0.1}",0.8421023480834636,0.6323841649258168,0.03799299179075688,-0.11562855097632578,1.020136633036552,1.3062545217971235
pH,firma .MAT (84),SVR,SG,identity,"{""C"": 10.0, ""gamma"": 0.001, ""epsilon"": 0.1}",0.816902225577078,0.6042936357895158,0.09470809341315001,-0.1763673805283614,1.0516062108157194,1.3465503772167287
pH,firma .MAT (84),SVR,SG,identity,"{""C"": 100.0, ""gamma"": ""scale"", ""epsilon"": 0.1}",1.030337024146189,0.7756826762238651,-0.4401478862855648,-0.04635670770644609,0.833765490236476,1.0676118340127962
pH,firma .MAT (84),SVR,SG,identity,"{""C"": 100.0, ""gamma"": 0.01, ""epsilon"": 0.1}",1.0101609206352575,0.7582284841432624,-0.3842980456472713,-0.055950194540128534,0.850418419973923,1.0889354136846288
pH,firma .MAT (84),SVR,SG,identity,"{""C"": 100.0, ""gamma"": 0.001, ""epsilon"": 0.1}",0.8356008045295059,0.6181139355653968,0.05279020992699612,-0.162323629540973,1.0280739910605303,1.316418071927739
pH,firma .MAT (84),RF,SG,identity,"{""n_estimators"": 300, ""max_features"": ""sqrt"", ""min_samples_leaf"": 1}",0.79818461726893,0.6302266514806378,0.13571856027037965,0.030168185269552138,1.0762666123351243,1.3781272855943552
pH,firma .MAT (84),RF,SG,identity,"{""n_estimators"": 300, ""max_features"": ""sqrt"", ""min_samples_leaf"": 5}",0.7951646508045267,0.6256873523341903,0.14224628128068095,0.014320680922990792,1.0803541796995948,1.383361293647861
pH,firma .MAT (84),PLSR,ABS,identity,"{""n_components"": 1}",0.8179269861673437,0.650105725922606,0.09243538728151623,0.0003312494990886859,1.0502886792761719,1.3448633173902214
pH,firma .MAT (84),PLSR,ABS,identity,"{""n_components"": 2}",0.8081220707886031,0.6420411791125,0.11406386596932849,0.0003993020330707666,1.0630317932137765,1.3611804945836568
pH,firma .MAT (84),PLSR,ABS,identity,"{""n_components"": 3}",0.8063621072927936,0.6437660492642575,0.117918524685665,0.0018269718942856132,1.0653519631895487,1.36415140301302
pH,firma .MAT (84),PLSR,ABS,identity,"{""n_components"": 4}",0.8137170391683916,0.6482229700126619,0.10175398411649983,0.005923126112992441,1.055722582538012,1.3518212683910191
pH,firma .MAT (84),PLSR,ABS,identity,"{""n_components"": 5}",0.8173145202311445,0.6533353447872623,0.09379405207114644,0.007003618975714024,1.05107572761963,1.345871109311638
pH,firma .MAT (84),PLSR,ABS,identity,"{""n_components"": 6}",0.8176628349195215,0.6490721338812012,0.09302149244158375,0.003579312302184055,1.0506279818020494,1.3452977841511742
pH,firma .MAT (84),PLSR,ABS,identity,"{""n_components"": 7}",0.8235350114526541,0.651227746568039,0.0799474912330681,0.0015608330981527546,1.0431365298370527,1.3357052034250274
pH,firma .MAT (84),PLSR,ABS,identity,"{""n_components"": 8}",0.8297314094831122,0.6541332489138507,0.06605018487311398,-0.0012412009250465895,1.0353464316617795,1.3257302151370327
pH,firma .MAT (84),PLSR,ABS,identity,"{""n_components"": 9}",0.8330515417044114,0.6562568651894847,0.05856091601547386,-0.0022035738040700466,1.0312200518690786,1.3204465089271853
pH,firma .MAT (84),PLSR,ABS,identity,"{""n_components"": 10}",0.8296468647082188,0.6546518935208069,0.06624050321750541,-0.003065167448543948,1.0354519381546323,1.3258653130532376
pH,firma .MAT (84),PLSR,ABS,identity,"{""n_components"": 11}",0.8282809041744774,0.6539118727671068,0.06931272268294675,-0.0036725283864260175,1.037159555069349,1.3280518655640583
pH,firma .MAT (84),PLSR,ABS,identity,"{""n_components"": 12}",0.8297322606779944,0.6560273326543672,0.06604826865371671,-0.003493300179636923,1.0353453695341202,1.3257288551142543
pH,firma .MAT (84),PLSR,ABS,identity,"{""n_components"": 13}",0.8317513035816552,0.6580785232921474,0.06149744427093817,-0.0035063286187547093,1.032832110207451,1.3225107015320834
pH,firma .MAT (84),PLSR,ABS,identity,"{""n_components"": 14}",0.8349270364827495,0.660069159561113,0.054317117004238136,-0.003884627491016418,1.028903624519037,1.3174803928184051
pH,firma .MAT (84),PLSR,ABS,identity,"{""n_components"": 15}",0.836127090597709,0.6617114674095756,0.051596672774962826,-0.0036418906205893165,1.0274268872593721,1.3155894748173511
pH,firma .MAT (84),PLSR,ABS,identity,"{""n_components"": 16}",0.8383004111504611,0.6627725389608543,0.04665995142096557,-0.002918023770019637,1.0247632502852873,1.3121787671443332
pH,firma .MAT (84),PLSR,ABS,identity,"{""n_components"": 17}",0.8378809843591886,0.662684267863233,0.04761368190277582,-0.002409000711081292,1.0252762266744218,1.3128356181054517
pH,firma .MAT (84),PLSR,ABS,identity,"{""n_components"": 18}",0.8389998897701768,0.6637858639263741,0.04506835208787552,-0.0019935158752701666,1.0239088997751324,1.3110847968064898
pH,firma .MAT (84),PLSR,ABS,identity,"{""n_components"": 19}",0.8396432592007713,0.6640486934092746,0.0436032520374533,-0.0019994759901422565,1.0231243383812185,1.3100801893497642
pH,firma .MAT (84),PLSR,ABS,identity,"{""n_components"": 20}",0.8401386819820482,0.6644648324054772,0.042474295142516105,-0.0017918566894018452,1.0225210104828801,1.309307645976839
pH,firma .MAT (84),Ridge,ABS,identity,"{""alpha"": 0.001}",0.8427704905812219,0.6665475017008501,0.0364658312125844,-0.0006986645435052953,1.019327875912674,1.305218932430083
pH,firma .MAT (84),Ridge,ABS,identity,"{""alpha"": 0.0031622776601683794}",0.8427517666481578,0.6665321523095314,0.03650864464535608,-0.0007056200512147625,1.0193505229454947,1.3052479312799128
pH,firma .MAT (84),Ridge,ABS,identity,"{""alpha"": 0.01}",0.8426928231517945,0.6664837836699908,0.036643416390486516,-0.0007273592020328844,1.0194218230470162,1.3053392289326005
pH,firma .MAT (84),Ridge,ABS,identity,"{""alpha"": 0.03162277660168379}",0.8425090192944082,0.6663342067283117,0.03706361540152814,-0.0007936286630357929,1.019644222640479,1.305624004976513
pH,firma .MAT (84),Ridge,ABS,identity,"{""alpha"": 0.1}",0.841951555012014,0.6658854593927622,0.038337489116381795,-0.0009808639275020025,1.0203193389598062,1.306488471280635
pH,firma .MAT (84),Ridge,ABS,identity,"{""alpha"": 0.31622776601683794}",0.8403769527667464,0.6646058551591997,0.04193109255299643,-0.001406930454127332,1.022231096673683,1.308936419994033
pH,firma .MAT (84),Ridge,ABS,identity,"{""alpha"": 1.0}",0.8365234659159196,0.6616940724367966,0.05069725741038156,-0.0019629644859685594,1.0269400549396956,1.314966100557139
pH,firma .MAT (84),Ridge,ABS,identity,"{""alpha"": 3.1622776601683795}",0.828991581060709,0.6562520132672848,0.06771495147755402,-0.001999003840289103,1.0362704201975823,1.3269133548889973
pH,firma .MAT (84),Ridge,ABS,identity,"{""alpha"": 10.0}",0.8180128947724427,0.6484467070032125,0.0922447303994568,-0.0010380610614715731,1.050178376815215,1.3447220783799514
pH,firma .MAT (84),Ridge,ABS,identity,"{""alpha"": 31.622776601683793}",0.807133917152138,0.6421183097622869,0.11622914720412081,0.000764847092590173,1.06433323614638,1.362846953428992
pH,firma .MAT (84),Ridge,ABS,identity,"{""alpha"": 100.0}",0.8012796878568377,0.6386703793297887,0.12900282466406998,0.0022626823663353525,1.0721093608946253,1.372804049160589
pH,firma .MAT (84),Ridge,ABS,identity,"{""alpha"": 316.22776601683796}",0.8012588852799117,0.6385625084183532,0.1290480491988164,0.0022797838827348376,1.0721371953908947,1.3728396904025915
pH,firma .MAT (84),Ridge,ABS,identity,"{""alpha"": 1000.0}",0.8039459489066412,0.6406175839900013,0.12319668825783991,0.0013959592121368719,1.0685537444580095,1.3682511883989081
pH,firma .MAT (84),SVR,ABS,identity,"{""C"": 1.0, ""gamma"": ""scale"", ""epsilon"": 0.1}",0.8219720676235595,0.603320734696096,0.08343641599725315,-0.15762380824763783,1.0451200081892134,1.3382449882758902
pH,firma .MAT (84),SVR,ABS,identity,"{""C"": 1.0, ""gamma"": 0.01, ""epsilon"": 0.1}",0.8206514329446668,0.6007575140299881,0.08637927333040996,-0.16379209082730187,1.0468018692949288,1.340398561241735
pH,firma .MAT (84),SVR,ABS,identity,"{""C"": 1.0, ""gamma"": 0.001, ""epsilon"": 0.1}",0.8200636466242923,0.6008180977283795,0.08768755459884059,-0.2050469629286751,1.0475521718128453,1.341359301229894
pH,firma .MAT (84),SVR,ABS,identity,"{""C"": 10.0, ""gamma"": ""scale"", ""epsilon"": 0.1}",0.8865403944250536,0.6646422155482424,-0.06621683737254203,-0.07901304320512155,0.969002043728829,1.240778205840672
pH,firma .MAT (84),SVR,ABS,identity,"{""C"": 10.0, ""gamma"": 0.01, ""epsilon"": 0.1}",0.8758795801089888,0.6547684004385556,-0.040728103395612614,-0.09086370818317625,0.980796303002227,1.2558804029466273
pH,firma .MAT (84),SVR,ABS,identity,"{""C"": 10.0, ""gamma"": 0.001, ""epsilon"": 0.1}",0.8162355901319612,0.5992992370601397,0.0961850227454144,-0.17493359932304753,1.0524650780140015,1.347650131038959
pH,firma .MAT (84),SVR,ABS,identity,"{""C"": 100.0, ""gamma"": ""scale"", ""epsilon"": 0.1}",1.0109011522281615,0.7760531147246486,-0.3863275769222907,0.014631466229227183,0.8497957017385499,1.0881380415636608
pH,firma .MAT (84),SVR,ABS,identity,"{""C"": 100.0, ""gamma"": 0.01, ""epsilon"": 0.1}",1.0250857703622644,0.7838281019730211,-0.42550547318609633,0.01057600363747796,0.8380366588665534,1.073080938008983
pH,firma .MAT (84),SVR,ABS,identity,"{""C"": 100.0, ""gamma"": 0.001, ""epsilon"": 0.1}",0.8424786798147224,0.6335502939076999,0.03713296649969278,-0.12352798650945065,1.0196809422346014,1.3056710233212208
pH,firma .MAT (84),RF,ABS,identity,"{""n_estimators"": 300, ""max_features"": ""sqrt"", ""min_samples_leaf"": 1}",0.8073541130647452,0.6341753986332574,0.11574687463367772,0.0376317388003038,1.0640429523360184,1.3624752536707345
pH,firma .MAT (84),RF,ABS,identity,"{""n_estimators"": 300, ""max_features"": ""sqrt"", ""min_samples_leaf"": 5}",0.8011702476115118,0.6279296539769488,0.12924073319053098,0.015983119076673175,1.0722558115545473,1.3729915748611157
pH,firma .MAT (84),PLSR,ABS+SG,identity,"{""n_components"": 1}",0.8184883733032619,0.6506683990347663,0.0911891392566605,0.00031102004542376963,1.0495683042864008,1.3439408987089345
pH,firma .MAT (84),PLSR,ABS+SG,identity,"{""n_components"": 2}",0.8081736233460745,0.6421391139793857,0.11395082925890321,0.00039037559114390806,1.0629639835179012,1.3610936662912592
pH,firma .MAT (84),PLSR,ABS+SG,identity,"{""n_components"": 3}",0.8060168458948472,0.6430957064352044,0.11867372754293948,0.001806039204971829,1.06580831209837,1.3647357441751353
pH,firma .MAT (84),PLSR,ABS+SG,identity,"{""n_components"": 4}",0.8078995771429145,0.6421702497187944,0.11455163392513312,0.005427141867929987,1.0633245496724337,1.361555360494283
pH,firma .MAT (84),PLSR,ABS+SG,identity,"{""n_components"": 5}",0.808863995456356,0.6469110930154358,0.11243639006368045,0.007956449335462232,1.0620567349661338,1.3599319615893974
pH,firma .MAT (84),PLSR,ABS+SG,identity,"{""n_components"": 6}",0.8063713444557566,0.6441539512616532,0.11789831545973706,0.007678326169237858,1.0653397593460407,1.364135776355522
pH,firma .MAT (84),PLSR,ABS+SG,identity,"{""n_components"": 7}",0.8056156819052231,0.6440114724357432,0.11955080196354428,0.0078034488253693,1.0663390414824414,1.3654153273165919
pH,firma .MAT (84),PLSR,ABS+SG,identity,"{""n_components"": 8}",0.806672609403959,0.6430772810285939,0.11723907586174731,0.00727897702964976,1.0649418909621688,1.3636263177607788
pH,firma .MAT (84),PLSR,ABS+SG,identity,"{""n_components"": 9}",0.8056364844417558,0.640749164080008,0.11950533161461674,0.007736909016137554,1.0663115072814773,1.365380070593768
pH,firma .MAT (84),PLSR,ABS+SG,identity,"{""n_components"": 10}",0.8057108417403303,0.640143470156213,0.11934279124413694,0.00712720681760123,1.0662130997151238,1.3652540626411414
pH,firma .MAT (84),PLSR,ABS+SG,identity,"{""n_components"": 11}",0.8067794999121409,0.6425401750130016,0.11700511473718245,0.0071420739303560635,1.0648007964252828,1.3634456504159944
pH,firma .MAT (84),PLSR,ABS+SG,identity,"{""n_components"": 12}",0.806090841677099,0.6420467509673089,0.11851190109784016,0.004297840130433754,1.0657104753339428,1.3646104671173447
pH,firma .MAT (84),PLSR,ABS+SG,identity,"{""n_components"": 13}",0.8090293594282436,0.6450305351734918,0.11207344636094185,0.004026167968309808,1.061839652708219,1.3596539942350059
pH,firma .MAT (84),PLSR,ABS+SG,identity,"{""n_components"": 14}",0.8147930592842275,0.6488726199835103,0.09937681912591934,0.0030786783810108726,1.054328389592197,1.3500360459210567
pH,firma .MAT (84),PLSR,ABS+SG,identity,"{""n_components"": 15}",0.8200550554256999,0.6532368280121895,0.08770666974038677,0.001914333463959782,1.0475631463549622,1.3413733538036383
pH,firma .MAT (84),PLSR,ABS+SG,identity,"{""n_components"": 16}",0.8236861112875663,0.6552807967340286,0.07960984308520169,-0.0001030363343673085,1.0429451732568102,1.3354601770333436
pH,firma .MAT (84),PLSR,ABS+SG,identity,"{""n_components"": 17}",0.8272667920333768,0.6576957852386602,0.07159031588907083,-0.00020977794570748533,1.0384309660666031,1.3296798694122116
pH,firma .MAT (84),PLSR,ABS+SG,identity,"{""n_components"": 18}",0.8269713993838634,0.6571861539324982,0.07225321312265953,-0.00035618053136604534,1.0388018916809976,1.3301548285945035
pH,firma .MAT (84),PLSR,ABS+SG,identity,"{""n_components"": 19}",0.8251202359577829,0.6561886058480774,0.07640205967805513,0.0007793768258435647,1.0411324515012774,1.3331390409097672
pH,firma .MAT (84),PLSR,ABS+SG,identity,"{""n_components"": 20}",0.8247665917451062,0.6545093909961526,0.0771935929768679,-0.0019415767827095935,1.0415788692754557,1.3337106655502775
pH,firma .MAT (84),Ridge,ABS+SG,identity,"{""alpha"": 0.001}",0.8344253116483213,0.6605710985500519,0.05545333611560088,-0.002636273316377243,1.029522285642385,1.3182725699284732
pH,firma .MAT (84),Ridge,ABS+SG,identity,"{""alpha"": 0.0031622776601683794}",0.8336397385659962,0.6595544182100052,0.057230993479137404,-0.0028233277727360995,1.0304924469216994,1.3195148325008943
pH,firma .MAT (84),Ridge,ABS+SG,identity,"{""alpha"": 0.01}",0.8321330692553921,0.657999820188317,0.06063571965614589,-0.002701325847220578,1.0323582679086907,1.321903960606084
pH,firma .MAT (84),Ridge,ABS+SG,identity,"{""alpha"": 0.03162277660168379}",0.8296516281726865,0.6558214242535979,0.06622978072063967,-0.002136741453449789,1.035445993082812,1.325857700566149
pH,firma .MAT (84),Ridge,ABS+SG,identity,"{""alpha"": 0.1}",0.8252421429050095,0.6529031567543222,0.07612912655156268,-0.0010859284800092191,1.0409786526679141,1.332942106092389
pH,firma .MAT (84),Ridge,ABS+SG,identity,"{""alpha"": 0.31622776601683794}",0.8184710281895691,0.6498610861705565,0.09122765723979265,0.0005268609511028562,1.0495905468349322,1.3439693796287002
pH,firma .MAT (84),Ridge,ABS+SG,identity,"{""alpha"": 1.0}",0.811532411107848,0.6463239539787129,0.10657064437646313,0.0025054447109857537,1.0585645653675255,1.3554603426107845
pH,firma .MAT (84),Ridge,ABS+SG,identity,"{""alpha"": 3.1622776601683795}",0.8064872497432509,0.6426708202413567,0.11764471617723493,0.004284263836267019,1.0651866527580254,1.363939727937658
pH,firma .MAT (84),Ridge,ABS+SG,identity,"{""alpha"": 10.0}",0.8031508661186496,0.6400988948838638,0.12493010453972819,0.005514198681770766,1.0696115640111008,1.3696056947755273
pH,firma .MAT (84),Ridge,ABS+SG,identity,"{""alpha"": 31.622776601683793}",0.801583739783712,0.6389543800710847,0.1283416856907783,0.00586157722507332,1.0717026948149366,1.3722833253788407
pH,firma .MAT (84),Ridge,ABS+SG,identity,"{""alpha"": 100.0}",0.801575169800565,0.6390488245965128,0.12836032393594288,0.004969233732285911,1.0717141528470455,1.372297997047094
pH,firma .MAT (84),Ridge,ABS+SG,identity,"{""alpha"": 316.22776601683796}",0.8027309898999088,0.6398139869995269,0.12584481437322148,0.0032374921972748746,1.0701710346988769,1.3703220802988518
pH,firma .MAT (84),Ridge,ABS+SG,identity,"{""alpha"": 1000.0}",0.8047063314759034,0.6411621099553185,0.12153731987511895,0.001660340038035941,1.0675440473675002,1.3669583013998425
pH,firma .MAT (84),SVR,ABS+SG,identity,"{""C"": 1.0, ""gamma"": ""scale"", ""epsilon"": 0.1}",0.8220530010716988,0.6029734733803706,0.08325591277525435,-0.16861470063921885,1.0450171131619197,1.3381132342634177
pH,firma .MAT (84),SVR,ABS+SG,identity,"{""C"": 1.0, ""gamma"": 0.01, ""epsilon"": 0.1}",0.8222528033812364,0.6014745756632809,0.08281022412660555,-0.17572807941609525,1.0447631805126694,1.3377880810823897
pH,firma .MAT (84),SVR,ABS+SG,identity,"{""C"": 1.0, ""gamma"": 0.001, ""epsilon"": 0.1}",0.8207407416138753,0.6020933562288001,0.08618041011566335,-0.2027073416833541,1.0466879618487261,1.3402527061554161
pH,firma .MAT (84),SVR,ABS+SG,identity,"{""C"": 10.0, ""gamma"": ""scale"", ""epsilon"": 0.1}",0.872749692616394,0.6482028217337873,-0.03330347109839882,-0.10627083402031147,0.9843136712780577,1.2603842880795957
pH,firma .MAT (84),SVR,ABS+SG,identity,"{""C"": 10.0, ""gamma"": 0.01, ""epsilon"": 0.1}",0.8613844697928784,0.6398208477266207,-0.006566689533866299,-0.11627208884086677,0.9973008385588861,1.2770139682974513
pH,firma .MAT (84),SVR,ABS+SG,identity,"{""C"": 10.0, ""gamma"": 0.001, ""epsilon"": 0.1}",0.8148427153873686,0.597003984142735,0.09926704204869685,-0.1841865756394414,1.0542641393531391,1.3499537754069137
pH,firma .MAT (84),SVR,ABS+SG,identity,"{""C"": 100.0, ""gamma"": ""scale"", ""epsilon"": 0.1}",1.0342411416471098,0.7691922509030591,-0.4510824809641767,-0.04527381439756744,0.8306181406378013,1.0635817467560456
pH,firma .MAT (84),SVR,ABS+SG,identity,"{""C"": 100.0, ""gamma"": 0.01, ""epsilon"": 0.1}",1.0164147365645444,0.7537209967286412,-0.4014912329843734,-0.05738742705842631,0.8451859493395756,1.0822353911533902
pH,firma .MAT (84),SVR,ABS+SG,identity,"{""C"": 100.0, ""gamma"": 0.001, ""epsilon"": 0.1}",0.8301648158606447,0.6171092943055979,0.06507424128708861,-0.15921638251574916,1.0348059055664012,1.3250380875990422
pH,firma .MAT (84),RF,ABS+SG,identity,"{""n_estimators"": 300, ""max_features"": ""sqrt"", ""min_samples_leaf"": 1}",0.7987188029245835,0.6294525436598332,0.13456133115405555,0.03059529233105554,1.0755468018287695,1.3772055897172408
pH,firma .MAT (84),RF,ABS+SG,identity,"{""n_estimators"": 300, ""max_features"": ""sqrt"", ""min_samples_leaf"": 5}",0.79354823924432,0.6241423484690329,0.14573002217195496,0.01569995727211264,1.082554798261671,1.3861791200589235
