epoch,train_loss,val_loss,train_r2,val_r2,lr,fold
1,0.8849893824258541,0.8963374932866446,0.11501061757414588,0.1036625067133553,0.0003,0
2,0.8281647937061553,0.8179021169591882,0.17183520629384486,0.18209788304081131,0.0003,0
3,0.8173298436211364,0.8267790826069067,0.1826701563788634,0.1732209173930933,0.0003,0
4,0.8265063228916432,0.838594147736584,0.17349367710835673,0.16140585226341575,0.0003,0
5,0.8104924248971036,0.8251992494059912,0.1895075751028963,0.17480075059400868,0.0003,0
6,0.8031618720848639,0.8236085338366156,0.1968381279151361,0.1763914661633843,0.0003,0
7,0.8330958551322735,0.8586259163203429,0.16690414486772664,0.14137408367965687,0.0003,0
8,0.7997923221154506,0.813315322148709,0.2002076778845493,0.18668467785129084,0.0003,0
9,0.817355003545843,0.8391596414661349,0.1826449964541571,0.16084035853386502,0.0003,0
10,0.8030935634656438,0.8190868689677719,0.19690643653435624,0.18091313103222817,0.0003,0
11,0.7884889927291827,0.8221380166820675,0.2115110072708173,0.17786198331793246,0.0003,0
12,0.8180282098026544,0.8447725240730248,0.18197179019734555,0.15522747592697528,0.0003,0
13,0.7795341935401452,0.8174252752048573,0.22046580645985492,0.18257472479514258,0.0003,0
14,0.7843547998159383,0.8105596799390468,0.21564520018406164,0.18944032006095302,0.0003,0
15,0.7993412928815963,0.8320846735759531,0.2006587071184036,0.16791532642404683,0.0003,0
16,0.7679336955824929,0.810900039269776,0.23206630441750697,0.18909996073022395,0.0003,0
17,0.8196880006043882,0.8530803344832013,0.1803119993956117,0.1469196655167987,0.0003,0
18,0.7617224354079786,0.8008661634651617,0.23827756459202132,0.1991338365348383,0.0003,0
19,0.7511299342238681,0.8145966934171688,0.2488700657761318,0.18540330658283122,0.0003,0
20,0.7683694732241283,0.8323116858374516,0.23163052677587148,0.16768831416254826,0.0003,0
21,0.7533067221660624,0.8331202067742834,0.24669327783393769,0.16687979322571656,0.0003,0
22,0.7406917629783843,0.7980773777959536,0.2593082370216153,0.20192262220404633,0.0003,0
23,0.7363824422057502,0.8274423269367138,0.26361755779424967,0.17255767306328607,0.0003,0
24,0.730297699539087,0.8044751905538335,0.2697023004609129,0.19552480944616624,0.0003,0
25,0.7398866899496019,0.8502756667603424,0.26011331005039795,0.14972433323965773,0.0003,0
26,0.7665815806195028,0.8209893091673941,0.23341841938049723,0.179010690832606,0.0003,0
27,0.7397824739811658,0.8274761131156989,0.2602175260188341,0.17252388688430087,0.0003,0
28,0.8119660094587239,0.8770235150334833,0.188033990541276,0.12297648496651647,0.0003,0
29,0.7402592886807311,0.8163047254264502,0.2597407113192688,0.18369527457354984,0.0003,0
30,0.7474133674929071,0.8348880605356935,0.2525866325070929,0.16511193946430636,0.0003,0
31,0.714471222016414,0.8174598284251244,0.2855287779835859,0.18254017157487556,0.0003,0
32,0.7021485175733718,0.8161562060782268,0.29785148242662807,0.1838437939217732,0.0003,0
33,0.7389391014193616,0.8391407405369131,0.2610608985806385,0.16085925946308688,0.0003,0
34,0.6956484019619227,0.8093643402136308,0.3043515980380772,0.1906356597863691,0.00015,0
35,0.7035574575353261,0.813278741374725,0.29644254246467383,0.186721258625275,0.00015,0
36,0.6926187565725876,0.8059213994772536,0.30738124342741246,0.19407860052274606,0.00015,0
37,0.7108980815809578,0.8093681585063218,0.2891019184190421,0.19063184149367818,0.00015,0
38,0.698765850745737,0.822039493345297,0.30123414925426284,0.1779605066547031,0.00015,0
39,0.6933460256084475,0.8082415306130134,0.3066539743915524,0.19175846938698649,0.00015,0
40,0.689171669672341,0.8252188174202244,0.3108283303276589,0.17478118257977548,0.00015,0
41,0.7169839441097703,0.8277971203880145,0.2830160558902298,0.17220287961198555,0.00015,0
42,0.684530429175425,0.8067278495899771,0.31546957082457494,0.19327215041002277,0.00015,0
43,0.6776531725006179,0.8009512157531239,0.32234682749938204,0.199048784246876,0.00015,0
44,0.6887342934833142,0.8079615348353923,0.3112657065166857,0.19203846516460765,0.00015,0
45,0.670345607687197,0.8191932380716621,0.3296543923128029,0.180806761928338,0.00015,0
46,0.6770921388269883,0.8052741430863805,0.32290786117301185,0.19472585691361954,0.00015,0
47,0.6712803464402569,0.8080699492889069,0.3287196535597431,0.19193005071109337,0.00015,0
48,0.6896921424439388,0.8115931533344397,0.31030785755606105,0.18840684666556018,0.00015,0
49,0.665912602919745,0.8034973058070756,0.33408739708025503,0.19650269419292443,0.00015,0
50,0.6647907048511813,0.8071711137445655,0.3352092951488186,0.1928288862554346,0.00015,0
51,0.6709339054192004,0.8077540829892799,0.3290660945807996,0.19224591701072014,0.00015,0
52,0.6645213015657948,0.8048432549893075,0.3354786984342051,0.19515674501069247,0.00015,0
53,0.6701009450576461,0.797703299331724,0.3298990549423537,0.20229670066827599,0.00015,0
54,0.6570654798787013,0.8002663627762053,0.34293452012129844,0.19973363722379445,0.00015,0
55,0.6481582174564122,0.7965669297274716,0.3518417825435878,0.20343307027252833,0.00015,0
56,0.6888473936823396,0.8207285347802146,0.3111526063176604,0.17927146521978543,0.00015,0
57,0.6688403006476199,0.8115320920320225,0.33115969935238,0.1884679079679774,0.00015,0
58,0.650135477721568,0.7958352822823481,0.349864522278432,0.20416471771765177,0.00015,0
59,0.6629429240827756,0.8214558581311879,0.33705707591722434,0.17854414186881218,0.00015,0
60,0.6820572502581751,0.8093485206751589,0.3179427497418249,0.19065147932484094,0.00015,0
61,0.65164087951328,0.7956943547324721,0.34835912048672,0.20430564526752792,0.00015,0
62,0.6443862346542979,0.8064968416820206,0.355613765345702,0.19350315831797915,0.00015,0
63,0.6438366165614396,0.7895503632726494,0.35616338343856024,0.2104496367273504,0.00015,0
64,0.6350729927687614,0.7902307538914378,0.3649270072312386,0.20976924610856196,0.00015,0
65,0.63518616932957,0.7882912328391033,0.36481383067043005,0.21170876716089648,0.00015,0
66,0.6390129236503717,0.7913851860962785,0.36098707634962834,0.20861481390372127,0.00015,0
67,0.6324573545870119,0.7808605428524459,0.367542645412988,0.219139457147554,0.00015,0
68,0.6356567495126858,0.7806816879960706,0.3643432504873142,0.21931831200392926,0.00015,0
69,0.6262728761460984,0.7718562587868172,0.3737271238539015,0.22814374121318282,0.00015,0
70,0.6235515657718478,0.7879180627312685,0.3764484342281521,0.21208193726873126,0.00015,0
71,0.638538865310498,0.7974827283859333,0.3614611346895019,0.20251727161406674,0.00015,0
72,0.6170892439309104,0.7879454386664215,0.38291075606908953,0.21205456133357858,0.00015,0
73,0.6292735271823094,0.7825397088381201,0.37072647281769044,0.21746029116187993,0.00015,0
74,0.6192639590890163,0.7767893898041386,0.3807360409109837,0.2232106101958613,0.00015,0
75,0.6188228090287358,0.7828432475009386,0.38117719097126423,0.2171567524990613,0.00015,0
76,0.6302931805439875,0.8001211660455299,0.36970681945601247,0.19987883395447004,0.00015,0
77,0.6168767734897176,0.7855358145711816,0.3831232265102824,0.21446418542881818,0.00015,0
78,0.6110992768880321,0.7850530702158275,0.38890072311196777,0.2149469297841723,0.00015,0
79,0.6017716807977296,0.7918926473177506,0.3982283192022703,0.20810735268224945,0.00015,0
80,0.6332990361093438,0.7919852292474123,0.3667009638906563,0.20801477075258756,0.00015,0
81,0.6009964915968806,0.7805634207255456,0.3990035084031194,0.21943657927445437,7.5e-05,0
82,0.5981519553459815,0.7761028425586523,0.40184804465401847,0.22389715744134775,7.5e-05,0
83,0.5969529516953233,0.7766377875152906,0.40304704830467664,0.22336221248470944,7.5e-05,0
84,0.6082632191934725,0.7810170129726453,0.3917367808065274,0.21898298702735475,7.5e-05,0
85,0.5875696235750734,0.7775358321617005,0.41243037642492664,0.22246416783829948,7.5e-05,0
86,0.5894690643097005,0.7724455118326619,0.4105309356902993,0.22755448816733803,7.5e-05,0
87,0.5862412318851573,0.7657123863090612,0.4137587681148427,0.23428761369093876,7.5e-05,0
88,0.59107452148954,0.7766131710440458,0.40892547851046,0.22338682895595408,7.5e-05,0
89,0.5977452762939524,0.7745465019109532,0.40225472370604765,0.22545349808904658,7.5e-05,0
90,0.5859278110695888,0.7711068034736237,0.4140721889304111,0.2288931965263763,7.5e-05,0
91,0.5880386400691199,0.7742709833337001,0.4119613599308801,0.22572901666629996,7.5e-05,0
92,0.586163137613947,0.7766166745318432,0.413836862386053,0.22338332546815665,7.5e-05,0
93,0.5822325760897996,0.760150960980847,0.4177674239102004,0.23984903901915267,7.5e-05,0
94,0.5863453832707787,0.7717443537572157,0.4136546167292213,0.22825564624278405,7.5e-05,0
95,0.5901274015207605,0.7674917579443943,0.4098725984792395,0.23250824205560583,7.5e-05,0
96,0.576365584879011,0.7737880841286436,0.4236344151209891,0.22621191587135614,7.5e-05,0
97,0.573798495516332,0.7741210302681594,0.4262015044836679,0.22587896973184074,7.5e-05,0
98,0.5728398022109309,0.769433610346496,0.427160197789069,0.23056638965350407,7.5e-05,0
99,0.5772290034980003,0.753883848843089,0.4227709965019997,0.24611615115691088,7.5e-05,0
100,0.5692797255200182,0.7651898810053532,0.43072027447998174,0.23481011899464665,7.5e-05,0
101,0.571872302430936,0.7634619508462833,0.4281276975690639,0.2365380491537168,7.5e-05,0
102,0.5706454148164334,0.7887472554371695,0.4293545851835665,0.2112527445628305,7.5e-05,0
103,0.5666563052148265,0.7542042611644999,0.43334369478517343,0.24579573883549988,7.5e-05,0
104,0.5685684410702176,0.7581652550033463,0.43143155892978235,0.2418347449966538,7.5e-05,0
105,0.568036903370162,0.7903312285638161,0.4319630966298379,0.20966877143618368,7.5e-05,0
106,0.5659605764724833,0.7683143006236525,0.43403942352751657,0.2316856993763473,7.5e-05,0
107,0.5618298198949279,0.7764671391244945,0.438170180105072,0.2235328608755055,7.5e-05,0
108,0.5614873783268454,0.773085968960002,0.4385126216731545,0.22691403103999797,7.5e-05,0
109,0.56028034654343,0.7713444661301406,0.43971965345656994,0.2286555338698596,7.5e-05,0
110,0.5596684438165836,0.7621471689022116,0.44033155618341635,0.23785283109778843,7.5e-05,0
111,0.5574962875234262,0.7900634228807081,0.44250371247657383,0.2099365771192918,7.5e-05,0
112,0.5545988035619257,0.7593581274492677,0.4454011964380743,0.24064187255073222,7.5e-05,0
113,0.5550285703608698,0.7754548162140469,0.44497142963913017,0.22454518378595312,7.5e-05,0
114,0.5581559623365309,0.7693517153471394,0.44184403766346914,0.23064828465286047,7.5e-05,0
115,0.5576556216145212,0.7645826122950036,0.4423443783854787,0.23541738770499632,3.75e-05,0
116,0.5512415995478106,0.7633591491323265,0.4487584004521894,0.2366408508676735,3.75e-05,0
117,0.5477971196481592,0.7745468004222147,0.45220288035184064,0.2254531995777852,3.75e-05,0
118,0.5474276424323075,0.7686343050041277,0.45257235756769254,0.23136569499587234,3.75e-05,0
119,0.5486494705174638,0.7579593524582608,0.45135052948253607,0.24204064754173904,3.75e-05,0
120,0.5466141185166976,0.7645632528377934,0.4533858814833024,0.23543674716220653,3.75e-05,0
121,0.5436189889303298,0.7725205334466301,0.4563810110696702,0.22747946655336992,3.75e-05,0
122,0.5436079487665583,0.7732409415958534,0.45639205123344173,0.22675905840414645,3.75e-05,0
123,0.5440590235978439,0.7666192211266085,0.45594097640215603,0.23338077887339148,3.75e-05,0
124,0.5433098668910704,0.7621293500709674,0.4566901331089296,0.23787064992903262,3.75e-05,0
125,0.5438647992072759,0.7670045928848793,0.45613520079272396,0.23299540711512046,3.75e-05,0
126,0.5421105963823251,0.7698951667893744,0.45788940361767494,0.2301048332106257,1.875e-05,0
127,0.5406187751355442,0.7735604937287759,0.45938122486445565,0.226439506271224,1.875e-05,0
128,0.5415448064937883,0.7718104840408092,0.45845519350621167,0.22818951595919068,1.875e-05,0
129,0.5425236743325331,0.7650965807757902,0.457476325667467,0.23490341922420965,1.875e-05,0
130,0.5437220622858533,0.7573458054610702,0.4562779377141466,0.2426541945389299,1.875e-05,0
131,0.5425831401130389,0.7608714155246206,0.4574168598869609,0.23912858447537944,1.875e-05,0
132,0.5376997234191866,0.7648187375010317,0.4623002765808133,0.2351812624989682,1.875e-05,0
133,0.5394479969748169,0.7630937476004018,0.46055200302518307,0.23690625239959806,1.875e-05,0
134,0.5378218441480662,0.7579620123395577,0.46217815585193367,0.24203798766044227,1.875e-05,0
135,0.5401618477607963,0.7501149640374564,0.45983815223920355,0.24988503596254352,1.875e-05,0
136,0.5374498108000466,0.75763363419237,0.4625501891999533,0.24236636580762994,1.875e-05,0
137,0.5355393193085628,0.7613610857061123,0.4644606806914371,0.23863891429388773,1.875e-05,0
138,0.5362791465632069,0.7640933755796651,0.46372085343679303,0.23590662442033494,1.875e-05,0
139,0.5370831837332698,0.7644406290519803,0.4629168162667302,0.2355593709480196,1.875e-05,0
140,0.5338301052829597,0.7651463402138704,0.4661698947170403,0.2348536597861295,1.875e-05,0
141,0.5368612907971752,0.753260055679902,0.46313870920282474,0.24673994432009805,1.875e-05,0
142,0.5330409248397078,0.7617793805000588,0.4669590751602921,0.238220619499941,1.875e-05,0
143,0.5350151915861343,0.7534644173653318,0.4649848084138657,0.24653558263466802,1.875e-05,0
144,0.5331367601815747,0.7667973768339436,0.46686323981842515,0.23320262316605633,1.875e-05,0
145,0.5334057982229113,0.7671219936956954,0.46659420177708866,0.23287800630430433,1.875e-05,0
146,0.5333293733357519,0.7535937256937293,0.46667062666424797,0.2464062743062705,1.875e-05,0
147,0.5322141833547384,0.7605345854555818,0.46778581664526164,0.23946541454441805,1.875e-05,0
148,0.5323106548136898,0.7612312183297328,0.4676893451863101,0.23876878167026727,1.875e-05,0
149,0.530355031751352,0.7669245886867099,0.469644968248648,0.23307541131329024,1e-05,0
150,0.5327025367463685,0.7556584878904055,0.46729746325363164,0.24434151210959443,1e-05,0
151,0.5313870454971622,0.7577057973820106,0.4686129545028377,0.2422942026179894,1e-05,0
152,0.5323724183587296,0.757220118103976,0.4676275816412704,0.24277988189602373,1e-05,0
153,0.531810609548827,0.756925030382766,0.468189390451173,0.24307496961723396,1e-05,0
154,0.5292977262311697,0.7667593666712023,0.4707022737688302,0.23324063332879774,1e-05,0
155,0.5317100680824739,0.7556111389361839,0.4682899319175261,0.24438886106381608,1e-05,0
156,0.5283649999595291,0.768849744593042,0.4716350000404709,0.231150255406958,1e-05,0
157,0.5271157427296096,0.7702572939822747,0.4728842572703904,0.22974270601772528,1e-05,0
158,0.5272815608687949,0.7669671154573505,0.47271843913120515,0.2330328845426496,1e-05,0
159,0.5278214507899486,0.7636821404316771,0.4721785492100514,0.23631785956832263,1e-05,0
160,0.5284092075721911,0.7679031138612917,0.47159079242780877,0.23209688613870805,1e-05,0
161,0.5290968592853493,0.7607813532033282,0.47090314071465067,0.2392186467966717,1e-05,0
162,0.5310646484704444,0.7651120919950455,0.46893535152955557,0.2348879080049544,1e-05,0
163,0.5308549696983098,0.7575792394927284,0.4691450303016902,0.24242076050727146,1e-05,0
164,0.5285914027261959,0.7579931598837893,0.471408597273804,0.24200684011621054,1e-05,0
165,0.5274681298652317,0.7617634156939139,0.47253187013476805,0.23823658430608596,1e-05,0
166,0.5273432905588158,0.7598720668974662,0.4726567094411842,0.24012793310253366,1e-05,0
167,0.5277913428203872,0.7592468230080525,0.4722086571796127,0.24075317699194765,1e-05,0
1,0.9171004318946806,0.9131237924259779,0.0828995681053194,0.08687620757402192,0.0003,1
2,0.8423837572736392,0.8286929309045666,0.15761624272636077,0.17130706909543325,0.0003,1
3,0.8206089262934129,0.82383840534242,0.17939107370658725,0.17616159465757986,0.0003,1
4,0.790960083953124,0.7752762201571634,0.209039916046876,0.22472377984283654,0.0003,1
5,0.7897868059718915,0.8156179671695318,0.21021319402810845,0.18438203283046806,0.0003,1
6,0.7853602823673134,0.7693857829886791,0.21463971763268663,0.23061421701132068,0.0003,1
7,0.765853198590267,0.7660429197106864,0.2341468014097331,0.2339570802893135,0.0003,1
8,0.7594093933923327,0.7883100185933815,0.2405906066076674,0.21168998140661832,0.0003,1
9,0.7845921725136221,0.8217178469640423,0.2154078274863781,0.1782821530359575,0.0003,1
10,0.7507160187609265,0.7876075484936343,0.2492839812390737,0.21239245150636565,0.0003,1
11,0.7808842076377233,0.8467898184367527,0.21911579236227685,0.15321018156324717,0.0003,1
12,0.7718411505830584,0.8375462552079181,0.22815884941694153,0.16245374479208163,0.0003,1
13,0.7462835453587546,0.8310711884677928,0.2537164546412456,0.16892881153220696,0.0003,1
14,0.74423733068455,0.8342501054347948,0.25576266931545,0.16574989456520495,0.0003,1
15,0.760245789709977,0.8402265931575792,0.23975421029002308,0.15977340684242058,0.0003,1
16,0.7627774332749401,0.8784002566299621,0.23722256672505992,0.12159974337003776,0.0003,1
17,0.7488174646796776,0.8099941783690636,0.25118253532032253,0.19000582163093616,0.0003,1
18,0.731781166139427,0.8271380029021768,0.268218833860573,0.17286199709782324,0.0003,1
19,0.7134130542591588,0.7985082749040114,0.2865869457408413,0.20149172509598856,0.0003,1
20,0.7108810744973999,0.810081171325446,0.2891189255026001,0.1899188286745539,0.00015,1
21,0.7102063694324753,0.8025784991490348,0.2897936305675247,0.19742150085096521,0.00015,1
22,0.7078160851002936,0.817743434903516,0.2921839148997063,0.1822565650964837,0.00015,1
23,0.7016005658500525,0.7923117191003862,0.2983994341499474,0.20768828089961355,0.00015,1
24,0.7179921211194692,0.8373815749941712,0.2820078788805309,0.16261842500582857,0.00015,1
25,0.6945976337780073,0.7910465549729887,0.3054023662219927,0.20895344502701108,0.00015,1
26,0.6930205161624357,0.8056057534229123,0.30697948383756446,0.1943942465770877,0.00015,1
27,0.6994386467537257,0.7856341726512843,0.3005613532462744,0.21436582734871545,0.00015,1
28,0.694678465973531,0.8159474905208222,0.3053215340264689,0.18405250947917762,0.00015,1
29,0.679526126586245,0.8038128500634258,0.3204738734137552,0.19618714993657393,0.00015,1
30,0.688358727515766,0.8272354501640167,0.3116412724842341,0.1727645498359831,0.00015,1
31,0.6766767710073602,0.8014455934636835,0.3233232289926399,0.19855440653631629,7.5e-05,1
32,0.6755048788062601,0.8147841250085588,0.32449512119374013,0.18521587499144077,7.5e-05,1
33,0.6772077098158159,0.8250376098890438,0.3227922901841841,0.17496239011095616,7.5e-05,1
34,0.6698102303912641,0.8044455000289066,0.3301897696087359,0.19555449997109342,7.5e-05,1
35,0.6735139478648925,0.7981538101452922,0.32648605213510773,0.20184618985470748,7.5e-05,1
36,0.6701137052786895,0.7935569088200548,0.3298862947213106,0.20644309117994486,7.5e-05,1
37,0.6680492182821471,0.8072061017728609,0.3319507817178531,0.192793898227139,7.5e-05,1
38,0.6655217206574545,0.8028865709046781,0.3344782793425455,0.1971134290953218,7.5e-05,1
39,0.6656103432509434,0.8000215247289408,0.33438965674905663,0.19997847527105894,7.5e-05,1
40,0.6680725190570916,0.8172645871815313,0.33192748094290836,0.1827354128184685,7.5e-05,1
1,0.9404352524690759,0.9295387905412937,0.05956474753092389,0.07046120945870593,0.0003,2
2,0.8644861165293299,0.8238359929920396,0.13551388347066984,0.17616400700796042,0.0003,2
3,0.8503160688174971,0.8054758230424698,0.14968393118250256,0.19452417695753021,0.0003,2
4,0.8224623427985016,0.7588411900014841,0.17753765720149806,0.2411588099985158,0.0003,2
5,0.8252743526385763,0.7608418795477669,0.1747256473614236,0.23915812045223295,0.0003,2
6,0.8052927021772038,0.7565848931868173,0.19470729782279594,0.24341510681318257,0.0003,2
7,0.8366174068004621,0.792443094296237,0.16338259319953752,0.20755690570376273,0.0003,2
8,0.8205113359709216,0.7921076601382905,0.17948866402907793,0.2078923398617094,0.0003,2
9,0.8201757603202979,0.792010402734695,0.17982423967970185,0.20798959726530475,0.0003,2
10,0.7781453683718847,0.7554167815233728,0.22185463162811492,0.24458321847662712,0.0003,2
11,0.78070084207069,0.7489753426771492,0.21929915792930976,0.2510246573228506,0.0003,2
12,0.7671335181278938,0.7345831799995768,0.23286648187210612,0.2654168200004231,0.0003,2
13,0.7776793099538106,0.7307584692548141,0.22232069004618926,0.26924153074518575,0.0003,2
14,0.7750086065748406,0.7486623718516556,0.22499139342515906,0.25133762814834426,0.0003,2
15,0.7640731726643254,0.7431917183486325,0.23592682733567438,0.2568082816513675,0.0003,2
16,0.7929963653394481,0.774519955905702,0.20700363466055172,0.2254800440942979,0.0003,2
17,0.7548776495634124,0.743149498090372,0.24512235043658737,0.25685050190962777,0.0003,2
18,0.754053318438341,0.7591444607440824,0.2459466815616589,0.24085553925591763,0.0003,2
19,0.7926910013077628,0.7682182781935667,0.20730899869223673,0.23178172180643308,0.0003,2
20,0.7350580671760891,0.7519433720922218,0.26494193282391065,0.24805662790777794,0.0003,2
21,0.7940021027043646,0.802391588559267,0.2059978972956351,0.19760841144073293,0.0003,2
22,0.7613827423845679,0.7615817298960217,0.23861725761543184,0.2384182701039782,0.0003,2
23,0.7403528627605305,0.7520938397581189,0.2596471372394692,0.24790616024188106,0.0003,2
24,0.7497843462958581,0.7646558277109302,0.25021565370414156,0.23534417228906968,0.0003,2
25,0.73326660158631,0.7488480699755149,0.2667333984136898,0.2511519300244849,0.0003,2
26,0.7361345274790484,0.7586994000988377,0.26386547252095127,0.24130059990116193,0.0003,2
27,0.718945578685718,0.7286812814831535,0.2810544213142818,0.2713187185168463,0.00015,2
28,0.7201594747587552,0.7339401577861737,0.2798405252412446,0.26605984221382617,0.00015,2
29,0.7124582686501003,0.7254222803704917,0.28754173134989935,0.27457771962950817,0.00015,2
30,0.7138274551970246,0.7350539973776958,0.28617254480297516,0.26494600262230406,0.00015,2
31,0.7137376949347515,0.7474987137306712,0.2862623050652482,0.2525012862693289,0.00015,2
32,0.7278214093408168,0.7574674172592134,0.27217859065918304,0.24253258274078648,0.00015,2
33,0.6991372573786538,0.7261181328147943,0.30086274262134594,0.2738818671852057,0.00015,2
34,0.7081748524856787,0.752880975702509,0.2918251475143211,0.24711902429749066,0.00015,2
35,0.7024842061919411,0.7483380943094833,0.2975157938080587,0.2516619056905167,0.00015,2
36,0.6996238431107641,0.7409446358682147,0.3003761568892356,0.2590553641317853,0.00015,2
37,0.727405632333756,0.7623746155227561,0.2725943676662438,0.2376253844772438,0.00015,2
38,0.7140774470256579,0.7619149998486162,0.285922552974342,0.23808500015138356,0.00015,2
39,0.7311840776207675,0.7670054847405977,0.26881592237923213,0.23299451525940207,0.00015,2
40,0.7145456877637902,0.7516003030442576,0.28545431223620954,0.24839969695574216,0.00015,2
41,0.6932569027143655,0.7510166280322936,0.3067430972856342,0.24898337196770626,0.00015,2
42,0.7054492499919937,0.7558218488581905,0.29455075000800623,0.24417815114180919,0.00015,2
43,0.6782952206128033,0.7290785853824682,0.32170477938719655,0.2709214146175317,7.5e-05,2
44,0.677960545827161,0.7312913911705826,0.32203945417283875,0.2687086088294174,7.5e-05,2
45,0.6782408128556309,0.7357160292933682,0.3217591871443689,0.26428397070663157,7.5e-05,2
46,0.6785513807976574,0.7402870728963884,0.32144861920234225,0.2597129271036115,7.5e-05,2
47,0.6753998437530918,0.7357807326378524,0.3246001562469081,0.2642192673621475,7.5e-05,2
48,0.671041376647606,0.7379727879021027,0.3289586233523938,0.26202721209789726,7.5e-05,2
49,0.6753090737054374,0.7361807613697363,0.3246909262945624,0.26381923863026335,7.5e-05,2
50,0.6719502832571683,0.7563982373001776,0.32804971674283145,0.24360176269982226,7.5e-05,2
51,0.6681827919581529,0.7523925452465178,0.3318172080418468,0.24760745475348211,7.5e-05,2
52,0.6657582085237409,0.7411174956199296,0.3342417914762589,0.25888250438007043,7.5e-05,2
53,0.663979925481051,0.7428946536209596,0.3360200745189488,0.25710534637904003,7.5e-05,2
54,0.6628515470759907,0.7383726079574142,0.33714845292400897,0.26162739204258567,3.75e-05,2
55,0.6670759356304787,0.7360062957796504,0.33292406436952093,0.2639937042203496,3.75e-05,2
56,0.6601964157719351,0.7395870139103587,0.33980358422806456,0.26041298608964103,3.75e-05,2
57,0.6615458711415443,0.7405428105201944,0.3384541288584556,0.25945718947980523,3.75e-05,2
58,0.6628983796575958,0.7382742624214703,0.3371016203424041,0.2617257375785297,3.75e-05,2
59,0.6586425420526112,0.7419009651836991,0.3413574579473885,0.2580990348163009,3.75e-05,2
60,0.6580224507560692,0.7423733021449839,0.34197754924393053,0.2576266978550159,3.75e-05,2
61,0.6619924366613946,0.7439500878069379,0.33800756333860515,0.25604991219306183,3.75e-05,2
1,0.8544337043263459,0.9671643549183405,0.14556629567365398,0.03283564508165948,0.0003,3
2,0.8143249624003124,0.9941395033629564,0.1856750375996874,0.005860496637043688,0.0003,3
3,0.7752096094485716,0.9856970601125365,0.22479039055142802,0.01430293988746345,0.0003,3
4,0.7714250276906403,0.9715298130806425,0.22857497230935964,0.028470186919357432,0.0003,3
5,0.7824855434757643,0.9488902946254446,0.21751445652423573,0.051109705374555725,0.0003,3
6,0.7726284567287666,0.9444365336614529,0.22737154327123332,0.05556346633854736,0.0003,3
7,0.8043441058810253,1.0929593327327345,0.19565589411897477,-0.09295933273273405,0.0003,3
8,0.7869229851420219,0.9413834341140113,0.21307701485797792,0.058616565885988736,0.0003,3
9,0.7554501236677472,0.9813185826622224,0.24454987633225267,0.01868141733777806,0.0003,3
10,0.7536341004588633,0.9808233377397829,0.24636589954113675,0.01917666226021686,0.0003,3
11,0.7565136180452433,0.9469778728203564,0.24348638195475658,0.0530221271796435,0.0003,3
12,0.7532292688386363,1.0199016622874775,0.24677073116136383,-0.019901662287477695,0.0003,3
13,0.7437917702441784,0.9443588089704812,0.25620822975582147,0.05564119102951903,0.00015,3
14,0.7733023427228496,0.9201376641926438,0.2266976572771503,0.07986233580735635,0.00015,3
15,0.7375613902388276,0.943198604049836,0.2624386097611723,0.05680139595016409,0.00015,3
16,0.7397806997447994,0.9373261603746398,0.26021930025520035,0.06267383962536044,0.00015,3
17,0.7349572936407951,0.9512219559890588,0.2650427063592049,0.048778044010941435,0.00015,3
18,0.7361549614551984,0.9325799880059836,0.26384503854480157,0.06742001199401648,0.00015,3
19,0.7255470519548062,0.948901132585663,0.2744529480451938,0.05109886741433722,0.00015,3
20,0.7236663847561671,0.9630517338262777,0.2763336152438328,0.036948266173722155,0.00015,3
21,0.7250861846442924,0.9393832051511622,0.2749138153557076,0.06061679484883775,0.00015,3
22,0.7364823484232228,0.9333435178769515,0.2635176515767772,0.06665648212304853,0.00015,3
23,0.722839447399603,0.9494741346661424,0.27716055260039696,0.05052586533385783,0.00015,3
24,0.7294621242097807,0.924681064986011,0.27053787579021915,0.07531893501398901,0.00015,3
25,0.7145098802276268,0.9425146199978878,0.28549011977237304,0.05748538000211223,0.00015,3
26,0.72106306698937,0.9294961867876751,0.27893693301063005,0.0705038132123248,0.00015,3
27,0.7300634472768505,0.9265504989891831,0.2699365527231493,0.07344950101081693,0.00015,3
28,0.7131255559084454,0.9424638320374701,0.2868744440915547,0.057536167962529805,0.00015,3
29,0.714580003990909,0.9237902527030256,0.28541999600909096,0.07620974729697438,0.00015,3
30,0.7020384194733358,0.9357871220685563,0.2979615805266643,0.06421287793144381,0.00015,3
31,0.7044348386550945,0.9601485387804525,0.2955651613449055,0.0398514612195473,0.00015,3
32,0.6998193101130981,0.9339413305818509,0.3001806898869017,0.06605866941814909,0.00015,3
33,0.7038291958864922,0.9386272977871309,0.2961708041135078,0.061372702212868946,0.00015,3
34,0.689969756126469,0.9685949537589637,0.31003024387353095,0.03140504624103646,0.00015,3
35,0.7029893121437158,0.9235558403298101,0.29701068785628426,0.0764441596701898,0.00015,3
36,0.7112609847164333,0.916390233957103,0.2887390152835666,0.08360976604289716,0.00015,3
37,0.687641202236819,0.9210120998859264,0.3123587977631809,0.07898790011407375,0.00015,3
38,0.6863262430272267,0.9414038302326246,0.3136737569727731,0.05859616976737525,0.00015,3
39,0.6995102991863338,0.9305069050138992,0.3004897008136661,0.06949309498610112,0.00015,3
40,0.6891645758275325,0.9135628620141537,0.31083542417246746,0.08643713798584629,0.00015,3
41,0.6852495024930159,0.9363415488220834,0.31475049750698403,0.06365845117791658,0.00015,3
42,0.6792300307339217,0.9360472488266757,0.32076996926607804,0.06395275117332422,0.00015,3
43,0.6815619430546468,0.909111538711692,0.3184380569453533,0.09088846128830796,0.00015,3
44,0.6739226995256149,0.9270204847069338,0.3260773004743851,0.07297951529306657,0.00015,3
45,0.6901887181944317,0.9107558458012598,0.30981128180556816,0.08924415419874043,0.00015,3
46,0.6809672108638822,0.9118517434656155,0.31903278913611766,0.08814825653438452,0.00015,3
47,0.6835097658880853,0.9173192310839647,0.31649023411191457,0.08268076891603515,0.00015,3
48,0.6739090377704462,0.9246495282145246,0.3260909622295538,0.07535047178547549,0.00015,3
49,0.6717972928732986,0.935429125090263,0.3282027071267014,0.06457087490973701,0.00015,3
50,0.6671605967226447,0.9357564229144217,0.3328394032773553,0.06424357708557837,0.00015,3
51,0.6792642741901315,0.9074425489382979,0.3207357258098684,0.09255745106170221,0.00015,3
52,0.6697812538261089,0.9217510231269754,0.330218746173891,0.07824897687302468,0.00015,3
53,0.6610500990450721,0.9537847894298802,0.33894990095492783,0.0462152105701199,0.00015,3
54,0.6742745400074907,0.9046764243095567,0.32572545999250924,0.09532357569044347,0.00015,3
55,0.6529499002485223,0.9459576712470709,0.3470500997514776,0.05404232875292936,0.00015,3
56,0.6647391459042289,0.9209385109504088,0.335260854095771,0.0790614890495912,0.00015,3
57,0.659829341049672,0.9126991898772541,0.34017065895032805,0.08730081012274615,0.00015,3
58,0.6471972078401401,0.9393952911615122,0.35280279215985977,0.06060470883848801,0.00015,3
59,0.6504707815650788,0.9379075344098249,0.34952921843492124,0.06209246559017512,7.5e-05,3
60,0.6541668376047848,0.917231326222605,0.3458331623952152,0.08276867377739505,7.5e-05,3
61,0.6588806148513568,0.9062667200702311,0.34111938514864304,0.09373327992976876,7.5e-05,3
62,0.6494174271512271,0.9255478943532087,0.3505825728487728,0.07445210564679128,7.5e-05,3
63,0.6473302305419454,0.9146892268900434,0.3526697694580545,0.08531077310995694,7.5e-05,3
64,0.6463274576620702,0.9160982701131113,0.35367254233792966,0.08390172988688893,7.5e-05,3
65,0.6460206850552684,0.9230097803554188,0.35397931494473145,0.07699021964458141,7.5e-05,3
66,0.6388478511384019,0.9400619601315866,0.36115214886159785,0.059938039868413395,7.5e-05,3
67,0.6382186707174685,0.9181266842075515,0.36178132928253137,0.08187331579244872,7.5e-05,3
68,0.6363973523016511,0.9168135021235053,0.36360264769834894,0.08318649787649468,7.5e-05,3
69,0.6394751752532252,0.9184948985452066,0.3605248247467747,0.08150510145479362,7.5e-05,3
70,0.6374429243866016,0.9216426460601728,0.36255707561339845,0.07835735393982712,3.75e-05,3
71,0.6402732927760597,0.9121100963145512,0.3597267072239402,0.08788990368544858,3.75e-05,3
72,0.6370158443586996,0.9183146063271984,0.3629841556413004,0.08168539367280148,3.75e-05,3
73,0.6306320153836488,0.9293456160085616,0.36936798461635123,0.07065438399143842,3.75e-05,3
74,0.6326898546427038,0.9251666901558377,0.3673101453572961,0.07483330984416237,3.75e-05,3
75,0.6318832027224884,0.9488104952474599,0.36811679727751145,0.05118950475254003,3.75e-05,3
76,0.6324103681007557,0.9269505397501233,0.3675896318992443,0.07304946024987702,3.75e-05,3
77,0.6292957733888761,0.9219588222789443,0.3707042266111238,0.07804117772105568,3.75e-05,3
1,0.8839434600378653,0.8902717845993768,0.11605653996213461,0.10972821540062305,0.0003,4
2,0.8284900397899189,0.8534989577958055,0.17150996021008091,0.14650104220419413,0.0003,4
3,0.8159756527687859,0.8402235250768456,0.18402434723121397,0.1597764749231544,0.0003,4
4,0.8134001880939475,0.8561335158672235,0.18659981190605235,0.14386648413277658,0.0003,4
5,0.8073304839626988,0.8382782599757629,0.19266951603730087,0.1617217400242369,0.0003,4
6,0.8069747418108336,0.8244817196748119,0.1930252581891665,0.1755182803251879,0.0003,4
7,0.7915802512668031,0.8174273402263584,0.20841974873319657,0.18257265977364157,0.0003,4
8,0.7917967552309002,0.8144685618892196,0.20820324476909968,0.18553143811078043,0.0003,4
9,0.7770344917181801,0.8085461289718298,0.22296550828181982,0.19145387102817002,0.0003,4
10,0.7870231952891118,0.8183766201117602,0.2129768047108882,0.18162337988823996,0.0003,4
11,0.7739405502756456,0.8103459282646018,0.22605944972435432,0.18965407173539817,0.0003,4
12,0.7671861854011361,0.8058249053291029,0.23281381459886386,0.1941750946708969,0.0003,4
13,0.7687560179616028,0.8104456424297138,0.23124398203839747,0.18955435757028605,0.0003,4
14,0.7804664049509189,0.8197102446954249,0.2195335950490811,0.18028975530457514,0.0003,4
15,0.7631030046238747,0.7984215070643199,0.23689699537612519,0.20157849293567986,0.0003,4
16,0.7625655338307986,0.8034515239750241,0.23743446616920139,0.19654847602497594,0.0003,4
17,0.7539649966705567,0.8111367301981832,0.24603500332944317,0.18886326980181678,0.0003,4
18,0.7505558821872679,0.7989090955900943,0.249444117812732,0.20109090440990574,0.0003,4
19,0.7580225620102609,0.7998227100199342,0.24197743798973914,0.20017728998006545,0.0003,4
20,0.7583870151911138,0.807785262642175,0.24161298480888604,0.1922147373578248,0.0003,4
21,0.7361997042490336,0.7999103961831108,0.2638002957509664,0.20008960381688912,0.0003,4
22,0.7392350524964952,0.8080148476002069,0.26076494750350465,0.19198515239979297,0.0003,4
23,0.7325297897468119,0.8069444610559929,0.26747021025318785,0.19305553894400695,0.0003,4
24,0.7495995006169345,0.8139090469177247,0.2504004993830654,0.18609095308227486,0.0003,4
25,0.7362700999749817,0.811319979143844,0.2637299000250183,0.1886800208561561,0.0003,4
26,0.7339400761252363,0.8034176512037636,0.26605992387476385,0.19658234879623626,0.0003,4
27,0.7370895244109225,0.8066045448437524,0.2629104755890772,0.19339545515624756,0.0003,4
28,0.732185372233648,0.7939486358668578,0.267814627766352,0.20605136413314196,0.0003,4
29,0.7296690097831472,0.8078989221651189,0.2703309902168528,0.19210107783488084,0.0003,4
30,0.7290115546941516,0.8026562081829536,0.2709884453058483,0.19734379181704653,0.0003,4
31,0.7172505371142264,0.8018817731143634,0.2827494628857735,0.19811822688563663,0.00015,4
32,0.7153284247097105,0.8096956474226802,0.28467157529028964,0.19030435257731992,0.00015,4
33,0.7070471248349546,0.7936014221442714,0.2929528751650454,0.20639857785572835,0.00015,4
34,0.7146190731107541,0.8146753219609806,0.28538092688924577,0.18532467803901942,0.00015,4
35,0.7031785352259882,0.802778409694262,0.2968214647740117,0.19722159030573816,0.00015,4
36,0.7054999686460596,0.802222766571851,0.29450003135394043,0.1977772334281489,0.00015,4
37,0.6982549533162454,0.8124273027970524,0.3017450466837547,0.18757269720294745,0.00015,4
38,0.6874396809032582,0.8028152561155092,0.31256031909674176,0.19718474388449092,0.00015,4
39,0.6882077491485207,0.8085330526285386,0.31179225085147944,0.19146694737146153,0.00015,4
40,0.7019337349503582,0.8184960441107384,0.29806626504964173,0.1815039558892616,0.00015,4
41,0.6878950956431867,0.818825992735973,0.31210490435681315,0.181174007264027,0.00015,4
42,0.6789538764415828,0.8148180931865575,0.3210461235584172,0.18518190681344238,7.5e-05,4
43,0.679310872381641,0.8141111720001311,0.320689127618359,0.18588882799986906,7.5e-05,4
44,0.6844614975727515,0.8143840851014215,0.31553850242724846,0.18561591489857843,7.5e-05,4
45,0.6746883365956768,0.8193157405105392,0.32531166340432316,0.18068425948946076,7.5e-05,4
46,0.6769573748615617,0.8163938108183658,0.3230426251384382,0.18360618918163396,7.5e-05,4
47,0.680134223961442,0.811079277930348,0.3198657760385579,0.18892072206965194,7.5e-05,4
48,0.6825291232125151,0.8156478367287233,0.31747087678748487,0.18435216327127657,7.5e-05,4
49,0.6690459723686488,0.807844413604208,0.33095402763135107,0.1921555863957919,7.5e-05,4
