target,model,input,preprocess,target_transform,param_name,param_value,val_RMSE,val_R2,RMSE,MAE,R2,Bias,RPD,RPIQ,R2_IC95
Ca,CNN_3D,cubo 84x20x20,SG,identity,épocas (mediana),31,7.213353089219298,0.2074614072117532,7.963165917693877,6.011645790626396,0.03683924395805316,-0.4940770805411782,1.0241835149393168,1.3590700120856183,"[-0.156, 0.195]"
Ca,RF · cubo media+desv,cubo: media + desv. por banda (168),SG,identity,"n_estimators, max_features, min_samples_leaf","300, sqrt, 5",7.213618225648755,0.20740314451147512,7.9852429647727625,6.22807454338317,0.03149131542459671,0.08632782154442525,1.0213519232424226,1.3553125493793887,"[-0.198, 0.189]"
Ca,RF,firma .MAT (84),SG,identity,"n_estimators, max_features, min_samples_leaf","300, sqrt, 5",7.371338256572894,0.1723652477774671,8.099630470271968,6.352208442344226,0.0035450688289259125,0.019475982303600873,1.0069278209126538,1.3361720685556913,"[-0.218, 0.149]"
Ca,CNN_1D,firma .MAT (84),SG,identity,épocas (mediana),16,7.381157662552147,0.17015878423269915,7.87806674563286,6.068182763202514,0.05731507593460483,-0.1304605372508855,1.035246783628706,1.3737507372604278,"[-0.124, 0.196]"
Ca,Ridge · cubo media+desv,cubo: media + desv. por banda (168),ABS+SG,identity,alpha,100,7.400362614939277,0.16583485701191447,8.106811473856203,6.242821335184557,0.0017774033890308738,-0.23281694264494154,1.0060358854933638,1.334988488988756,"[-0.193, 0.140]"
Ca,Ridge,firma .MAT (84),ABS+SG,identity,alpha,31.6228,7.400659981093264,0.1657678177391193,8.004180207069378,6.249724431205172,0.026892173812007147,-0.07581269995070629,1.0189354872876857,1.352105989622954,"[-0.172, 0.159]"
Ca,PLSR · cubo media+desv,cubo: media + desv. por banda (168),ABS+SG,identity,n_components,6,7.41800294703931,0.1618532985354687,8.065844765383464,6.212879503276034,0.011840686166174508,-0.27229048695526054,1.0111455770424747,1.3417689423490264,"[-0.177, 0.151]"
Ca,PLSR,firma .MAT (84),ABS+SG,identity,n_components,11,7.42305717782373,0.16071077269763123,8.074755528915011,6.260651617794163,0.009656136860490605,-0.03363941807334918,1.0100297439871293,1.340288255321855,"[-0.224, 0.158]"
Ca,SVR · cubo media+desv,cubo: media + desv. por banda (168),ABS+SG,identity,"C, gamma, epsilon","10, 0.001, 0.1",7.493475091992286,0.14471161695957957,8.299305523743653,5.862864191367498,-0.04619045883542494,-1.9161063947137016,0.9827018943085964,1.3040247728002892,"[-0.274, 0.145]"
Ca,SVR,firma .MAT (84),ABS,identity,"C, gamma, epsilon","10, 0.001, 0.1",7.496063026394657,0.14412075293011983,8.423358500029563,5.9073587539238925,-0.07769984207728986,-2.0168262318232073,0.9682293896905921,1.2848200631567586,"[-0.310, 0.098]"
Ca,Media (referencia),-,-,-,-,-,8.102648167882585,0.0,8.114559618264707,6.623609083724607,-0.00013162556694146232,-0.09309074427037153,1.005075277439737,1.333713782278475,"[-0.052, -0.000]"
pH,CNN_3D,cubo 84x20x20,ABS+SG,identity,épocas (mediana),50,0.7779975131223683,0.17888327770702683,0.8232873554520304,0.6237634242723379,0.0742202467909806,-0.054989510839422134,1.0446560684561057,1.184276660564854,"[-0.120, 0.233]"
pH,RF · cubo media+desv,cubo: media + desv. por banda (168),SG,identity,"n_estimators, max_features, min_samples_leaf","300, sqrt, 5",0.7782485775573091,0.17835323367511324,0.8129509001736657,0.6338695334376798,0.0973208308397171,-0.020706942783280318,1.0579385935514862,1.1993344244919555,"[-0.111, 0.250]"
pH,RF,firma .MAT (84),ABS+SG,identity,"n_estimators, max_features, min_samples_leaf","300, sqrt, 5",0.79354823924432,0.14573002217195496,0.8315487170587217,0.6568465896483392,0.055547362798123,-0.026776633729327638,1.034277504507782,1.1725109786095054,"[-0.128, 0.194]"
pH,CNN_1D,firma .MAT (84),ABS+SG,identity,épocas (mediana),11,0.7956160135817044,0.1412722239396157,0.8186942869041461,0.6335836218908749,0.08452116674094312,-0.06721131744430897,1.050516836032152,1.1909207326790041,"[-0.056, 0.198]"
pH,Ridge · cubo media+desv,cubo: media + desv. por banda (168),ABS,identity,alpha,316.228,0.7985785765453053,0.13486518446908358,0.8410823827161644,0.646124407678324,0.03376701187844022,-0.041421606350958956,1.022553972868529,1.1592205710591237,"[-0.142, 0.164]"
pH,Ridge,firma .MAT (84),ABS,identity,alpha,316.228,0.8012588852799117,0.1290480491988164,0.835723215896796,0.6477731388327589,0.046040974014379676,-0.042688115253476516,1.0291112124164694,1.1666542001633278,"[-0.120, 0.166]"
pH,PLSR · cubo media+desv,cubo: media + desv. por banda (168),ABS+SG,identity,n_components,6,0.8016943125294,0.12810119104022344,0.8437814486453079,0.6453322765783676,0.0275557035449292,-0.053113298888170485,1.0192830540858147,1.1555124867527773,"[-0.157, 0.167]"
pH,PLSR,firma .MAT (84),ABS+SG,identity,n_components,7,0.8056156819052231,0.11955080196354428,0.8412507324690551,0.6480450336284854,0.033380173757646237,-0.039722538353416714,1.022349341000757,1.158988589690013,"[-0.171, 0.171]"
pH,SVR · cubo media+desv,cubo: media + desv. por banda (168),SG,identity,"C, gamma, epsilon","10, 0.001, 0.1",0.8134076939985689,0.10243681422909279,0.8695975586456778,0.6255150319727578,-0.03285988802945461,-0.25072308218774836,0.9890231675622441,1.121208299524757,"[-0.236, 0.134]"
pH,SVR,firma .MAT (84),ABS+SG,identity,"C, gamma, epsilon","10, 0.001, 0.1",0.8148427153873686,0.09926704204869685,0.8674517565234471,0.6150393560110503,-0.02776884688700032,-0.23954205807979076,0.9914696990216947,1.1239818153202925,"[-0.222, 0.134]"
pH,Media (referencia),-,-,-,-,-,0.8585701008567742,0.0,0.8567813030269401,0.6741783273673935,-0.002639359294212662,-0.04395890474640879,1.0038175773883566,1.1379800149179298,"[-0.058, -0.000]"
