Numero,pH,Ca,conjunto,fold
1,6.8,26.0,desarrollo,4
2,6.9,27.5,desarrollo,0
3,5.6,13.3,desarrollo,0
4,5.7,20.2,desarrollo,4
5,6.4,22.1,desarrollo,0
6,5.2,9.18,desarrollo,3
7,6.8,28.0,test,-1
9,4.1,5.53,desarrollo,4
10,4.0,1.24,desarrollo,4
11,4.3,3.78,desarrollo,4
12,4.7,3.36,desarrollo,2
13,4.2,1.93,desarrollo,0
14,4.0,0.63,desarrollo,2
15,4.0,0.49,desarrollo,3
16,4.7,5.53,desarrollo,1
17,4.0,0.49,desarrollo,2
18,4.2,0.46,desarrollo,1
19,4.8,9.16,test,-1
20,4.5,4.34,desarrollo,1
21,4.0,0.52,desarrollo,0
22,4.6,3.3,desarrollo,1
23,4.2,0.51,desarrollo,2
25,5.3,7.07,desarrollo,1
26,4.8,3.98,desarrollo,1
27,4.9,6.26,desarrollo,4
28,5.0,5.7,desarrollo,1
29,4.2,0.46,desarrollo,3
30,4.1,1.31,desarrollo,2
31,4.8,8.5,desarrollo,3
32,4.2,1.23,desarrollo,0
33,4.5,3.19,desarrollo,3
34,4.3,0.5,desarrollo,4
36,4.4,1.97,desarrollo,0
37,4.9,14.2,desarrollo,0
38,4.7,8.15,desarrollo,2
39,4.4,3.28,desarrollo,2
41,4.3,2.23,desarrollo,3
42,4.3,0.76,desarrollo,4
43,4.6,5.41,desarrollo,2
44,4.4,10.6,desarrollo,2
45,4.6,6.17,desarrollo,0
46,6.0,22.5,desarrollo,0
47,6.2,23.2,desarrollo,2
48,5.1,1.01,desarrollo,2
49,4.2,1.21,test,-1
50,4.2,3.45,test,-1
51,4.2,2.12,desarrollo,1
52,4.4,3.87,desarrollo,4
53,4.0,1.51,desarrollo,2
54,4.0,2.33,desarrollo,4
55,4.2,2.02,desarrollo,1
56,5.3,24.4,desarrollo,3
57,4.6,4.18,desarrollo,3
58,4.4,4.79,desarrollo,3
59,4.5,5.83,desarrollo,3
60,6.1,19.3,desarrollo,0
61,5.6,8.86,desarrollo,3
62,4.3,1.93,desarrollo,4
63,4.8,2.09,desarrollo,4
64,4.5,2.13,desarrollo,2
65,4.8,2.4,desarrollo,0
66,5.3,17.4,desarrollo,4
67,6.5,27.6,desarrollo,1
68,6.4,27.3,desarrollo,0
69,4.0,1.98,desarrollo,4
70,4.3,2.61,desarrollo,2
71,5.7,12.5,desarrollo,2
72,4.9,5.46,test,-1
73,4.7,4.23,desarrollo,3
74,5.2,10.8,desarrollo,0
75,4.7,2.91,desarrollo,4
76,4.2,4.63,desarrollo,4
77,4.2,6.6,desarrollo,0
78,4.0,2.41,desarrollo,3
79,4.0,6.84,desarrollo,4
80,4.2,10.9,desarrollo,3
81,5.0,9.46,desarrollo,3
82,4.0,2.8,desarrollo,4
83,4.4,5.27,desarrollo,0
84,4.1,4.07,desarrollo,1
85,4.3,5.06,desarrollo,1
86,5.3,10.8,desarrollo,3
87,5.4,10.9,desarrollo,1
88,5.3,9.93,desarrollo,3
89,5.5,18.4,desarrollo,2
90,5.0,8.95,desarrollo,2
92,4.5,6.65,desarrollo,1
93,4.6,5.46,desarrollo,4
94,5.2,15.7,desarrollo,0
95,4.6,7.9,desarrollo,1
96,5.0,12.9,desarrollo,0
97,4.8,13.9,desarrollo,4
98,4.0,3.35,desarrollo,4
99,4.0,5.12,desarrollo,3
100,4.7,13.0,desarrollo,3
101,4.0,6.68,test,-1
102,4.0,4.2,desarrollo,3
103,4.2,6.57,desarrollo,3
104,4.0,3.0,desarrollo,0
105,4.0,4.77,desarrollo,0
106,4.3,0.58,desarrollo,2
107,4.3,3.03,desarrollo,1
108,4.1,3.5,desarrollo,0
109,4.1,4.25,desarrollo,1
110,4.5,5.55,desarrollo,2
111,4.0,1.34,desarrollo,2
112,4.1,1.99,desarrollo,1
113,5.3,15.4,test,-1
114,4.0,1.95,desarrollo,3
115,4.0,3.56,desarrollo,2
116,4.0,3.35,test,-1
117,4.1,6.04,test,-1
118,4.0,2.02,desarrollo,2
119,4.3,0.26,test,-1
120,4.2,2.02,desarrollo,1
121,4.7,5.99,desarrollo,1
122,4.4,5.09,test,-1
123,4.3,5.87,desarrollo,4
124,4.9,11.3,desarrollo,0
125,4.6,8.65,test,-1
126,5.7,18.5,desarrollo,0
127,6.1,16.2,desarrollo,2
128,5.9,9.87,desarrollo,2
129,5.6,32.2,desarrollo,3
130,6.5,29.6,desarrollo,4
131,4.9,7.73,desarrollo,0
132,4.2,3.89,desarrollo,0
133,4.6,9.54,desarrollo,2
134,4.2,3.18,desarrollo,3
135,4.2,2.4,test,-1
136,4.7,5.76,desarrollo,1
137,4.2,8.04,test,-1
138,4.1,5.23,desarrollo,4
139,4.1,6.09,desarrollo,4
140,5.0,11.9,desarrollo,1
141,5.6,16.2,test,-1
142,5.7,16.7,test,-1
143,6.4,29.2,desarrollo,1
144,4.5,0.83,desarrollo,3
145,5.0,7.08,desarrollo,0
146,4.1,0.45,desarrollo,0
147,4.0,0.32,desarrollo,4
148,4.6,13.1,desarrollo,0
149,4.0,0.31,test,-1
150,4.8,5.59,test,-1
151,4.8,6.81,desarrollo,0
152,4.0,0.39,desarrollo,4
153,4.0,2.14,desarrollo,1
154,4.4,7.45,desarrollo,3
155,4.3,0.46,desarrollo,0
156,4.4,1.06,desarrollo,4
157,4.1,0.92,desarrollo,2
158,4.1,2.77,desarrollo,4
159,6.5,23.2,desarrollo,4
160,5.8,14.8,desarrollo,1
161,4.6,11.6,desarrollo,3
162,4.3,1.98,desarrollo,0
163,4.4,3.21,desarrollo,1
164,4.7,3.94,desarrollo,3
165,4.1,1.36,desarrollo,1
166,4.4,2.91,desarrollo,0
167,4.0,1.99,desarrollo,1
168,4.0,1.01,desarrollo,3
169,4.0,1.77,test,-1
170,4.0,2.73,desarrollo,2
171,4.1,6.92,desarrollo,4
172,4.0,0.81,desarrollo,3
173,4.0,1.36,desarrollo,1
174,4.1,0.76,desarrollo,4
175,4.0,1.54,desarrollo,0
176,4.9,5.66,desarrollo,2
177,4.1,0.3,desarrollo,1
178,4.0,0.9,desarrollo,2
179,4.0,0.61,desarrollo,3
180,4.2,2.11,desarrollo,4
181,4.0,0.51,desarrollo,2
182,4.5,1.89,desarrollo,0
183,4.3,1.7,desarrollo,0
184,5.4,7.2,desarrollo,3
185,4.3,2.34,desarrollo,0
186,4.2,2.18,desarrollo,1
187,4.0,1.98,desarrollo,3
188,4.3,1.66,test,-1
189,4.6,5.68,desarrollo,4
190,7.0,27.6,desarrollo,1
191,4.9,9.29,desarrollo,0
192,4.7,7.44,desarrollo,4
193,5.6,18.4,desarrollo,1
194,6.5,26.0,test,-1
195,4.5,3.44,desarrollo,4
196,4.9,3.51,desarrollo,4
197,4.5,2.33,desarrollo,4
198,5.4,11.7,desarrollo,1
199,5.1,11.5,desarrollo,4
200,4.6,4.62,desarrollo,4
201,4.3,2.67,desarrollo,4
202,4.6,4.35,test,-1
203,5.2,12.6,desarrollo,1
204,5.0,5.69,desarrollo,0
205,4.4,4.39,desarrollo,0
206,4.2,4.33,desarrollo,1
207,4.8,12.9,test,-1
208,4.2,3.06,desarrollo,0
209,4.0,0.93,desarrollo,1
210,4.5,6.46,desarrollo,0
211,4.3,0.64,desarrollo,1
212,4.5,5.88,desarrollo,4
213,4.0,0.99,desarrollo,0
214,5.9,19.4,desarrollo,2
215,4.3,7.67,desarrollo,0
216,4.6,3.24,desarrollo,4
217,5.2,5.09,test,-1
218,4.2,3.67,desarrollo,4
219,4.8,6.92,desarrollo,0
220,4.5,2.24,desarrollo,3
221,4.0,1.79,test,-1
222,4.3,1.2,desarrollo,4
223,4.2,2.32,desarrollo,3
224,4.3,5.09,desarrollo,1
225,4.3,2.02,test,-1
226,4.7,4.47,desarrollo,0
227,4.3,1.44,desarrollo,1
228,4.0,1.16,desarrollo,4
229,4.3,1.1,desarrollo,4
230,4.1,3.34,test,-1
231,4.3,1.39,desarrollo,2
232,4.0,0.93,desarrollo,1
233,4.1,1.05,desarrollo,4
234,4.4,6.72,desarrollo,2
235,4.0,0.89,desarrollo,3
236,4.0,1.15,desarrollo,1
237,4.2,1.25,desarrollo,3
238,4.0,0.97,desarrollo,0
239,4.7,9.61,desarrollo,3
240,4.9,10.6,desarrollo,4
241,4.0,2.34,desarrollo,0
242,4.8,7.59,desarrollo,2
243,4.7,11.0,desarrollo,1
244,4.5,5.66,desarrollo,3
245,5.9,15.9,desarrollo,1
246,6.7,21.6,desarrollo,2
247,4.0,0.71,desarrollo,0
248,4.2,0.91,desarrollo,2
249,4.1,2.48,desarrollo,3
250,4.0,1.51,desarrollo,2
251,4.0,0.88,desarrollo,1
252,4.0,1.32,desarrollo,4
253,4.1,1.14,test,-1
254,4.1,2.7,desarrollo,1
255,4.7,8.07,desarrollo,4
256,6.7,23.8,desarrollo,3
257,6.8,21.8,desarrollo,4
258,6.4,20.1,desarrollo,2
259,6.6,21.6,desarrollo,1
260,6.0,18.5,desarrollo,1
261,6.7,20.3,desarrollo,4
262,6.2,21.7,desarrollo,0
263,4.9,11.7,desarrollo,0
265,4.9,4.79,desarrollo,3
266,5.5,10.7,desarrollo,3
267,4.1,3.54,desarrollo,1
268,4.3,4.68,desarrollo,3
269,4.1,1.9,desarrollo,0
270,6.7,21.6,desarrollo,0
271,7.1,24.1,desarrollo,1
272,6.4,21.2,desarrollo,1
273,6.2,24.5,desarrollo,4
274,6.4,21.4,desarrollo,4
275,6.5,17.6,test,-1
276,6.3,17.1,desarrollo,3
277,6.7,19.3,desarrollo,2
278,4.6,7.22,desarrollo,1
279,4.2,2.13,desarrollo,4
280,4.3,2.61,desarrollo,1
281,4.2,4.77,desarrollo,0
282,4.0,3.26,desarrollo,0
283,5.5,15.3,desarrollo,4
284,5.5,15.6,desarrollo,0
285,6.0,22.2,desarrollo,2
286,6.0,20.5,desarrollo,4
287,6.1,26.3,desarrollo,3
288,4.0,1.93,test,-1
289,4.2,2.18,desarrollo,1
290,4.3,4.78,desarrollo,0
291,4.5,6.48,test,-1
292,6.1,14.3,desarrollo,3
293,6.3,23.7,test,-1
294,5.3,15.5,desarrollo,1
295,4.3,11.4,desarrollo,2
296,6.6,35.7,desarrollo,0
297,6.7,24.3,desarrollo,3
298,5.6,14.1,desarrollo,0
299,5.7,12.4,desarrollo,2
300,6.1,15.3,desarrollo,4
301,6.2,24.6,desarrollo,4
302,6.2,17.6,desarrollo,3
303,4.0,3.43,desarrollo,2
304,4.0,6.59,desarrollo,1
305,4.0,4.08,desarrollo,1
306,4.2,6.22,desarrollo,1
307,4.0,2.51,desarrollo,3
308,5.5,13.1,desarrollo,1
309,5.8,12.6,desarrollo,4
310,4.5,9.27,desarrollo,1
311,5.0,9.6,desarrollo,3
312,4.0,1.97,desarrollo,0
313,4.0,1.94,desarrollo,2
314,4.0,1.98,desarrollo,2
315,4.0,2.14,desarrollo,4
316,4.0,0.18,desarrollo,1
317,4.0,0.44,desarrollo,1
318,4.0,1.51,desarrollo,3
319,4.2,4.41,desarrollo,4
320,4.3,4.1,desarrollo,0
322,4.3,8.79,desarrollo,0
323,4.1,8.21,desarrollo,4
324,5.0,16.6,desarrollo,4
325,5.0,8.06,test,-1
326,4.0,2.2,desarrollo,2
327,4.0,4.73,desarrollo,4
328,4.0,1.13,desarrollo,4
329,5.0,12.9,desarrollo,4
330,6.4,20.8,desarrollo,4
331,4.2,3.16,desarrollo,4
332,4.3,2.81,test,-1
333,4.4,3.64,desarrollo,1
334,4.5,4.93,desarrollo,1
335,4.2,1.7,test,-1
336,4.2,0.67,desarrollo,4
337,4.6,2.5,desarrollo,2
338,4.6,2.95,desarrollo,3
339,5.1,5.18,desarrollo,3
340,5.9,14.9,desarrollo,2
341,4.3,1.98,desarrollo,4
342,4.5,3.1,desarrollo,0
343,4.6,0.63,desarrollo,1
345,7.4,21.8,desarrollo,2
346,7.2,22.4,desarrollo,0
347,4.5,7.32,desarrollo,0
348,5.5,9.68,desarrollo,4
349,4.9,8.52,desarrollo,1
350,5.1,13.5,desarrollo,2
351,4.3,4.4,desarrollo,0
352,4.6,10.5,desarrollo,0
353,4.2,4.37,desarrollo,4
354,4.2,3.22,desarrollo,0
355,4.3,1.07,desarrollo,0
356,4.4,2.69,desarrollo,3
357,4.6,1.01,desarrollo,0
358,4.4,2.48,test,-1
359,4.6,5.14,test,-1
360,4.7,4.91,desarrollo,2
361,4.4,4.28,desarrollo,2
362,4.1,3.29,desarrollo,3
363,4.3,2.87,desarrollo,3
364,4.4,4.85,desarrollo,4
365,5.5,7.35,desarrollo,1
366,4.6,5.54,desarrollo,3
367,4.4,1.87,desarrollo,0
368,4.9,9.81,desarrollo,1
369,4.3,3.52,desarrollo,3
370,4.1,2.17,desarrollo,1
371,4.6,8.11,desarrollo,4
372,4.5,2.49,desarrollo,4
373,6.8,26.0,desarrollo,0
374,6.3,12.2,desarrollo,0
375,6.7,11.4,test,-1
376,6.9,13.2,desarrollo,2
377,6.9,29.1,desarrollo,2
378,6.2,13.8,test,-1
379,6.8,20.9,desarrollo,2
380,4.5,2.52,desarrollo,3
381,4.7,5.76,test,-1
382,4.5,2.7,test,-1
383,4.7,5.47,desarrollo,4
384,5.4,10.1,desarrollo,1
385,5.3,12.0,desarrollo,4
386,5.4,5.32,desarrollo,2
387,6.5,12.3,test,-1
388,6.1,12.3,desarrollo,0
389,4.6,3.1,desarrollo,1
390,4.4,2.22,desarrollo,4
391,5.1,4.95,desarrollo,1
392,4.2,0.7,desarrollo,3
393,4.6,4.91,desarrollo,2
394,4.7,4.22,desarrollo,2
395,4.6,2.83,desarrollo,0
396,4.7,4.2,desarrollo,0
397,4.9,2.37,test,-1
398,5.0,3.01,desarrollo,4
399,5.0,7.6,desarrollo,0
400,4.5,2.15,desarrollo,0
401,4.6,2.04,desarrollo,2
402,4.5,2.24,desarrollo,3
403,4.5,2.22,test,-1
404,4.7,3.77,desarrollo,2
405,4.6,2.58,desarrollo,0
406,5.3,6.84,desarrollo,3
407,4.4,4.04,desarrollo,0
408,4.4,2.65,desarrollo,4
409,4.4,2.53,desarrollo,2
410,4.6,5.82,desarrollo,3
411,4.2,1.13,desarrollo,2
412,5.3,9.49,desarrollo,0
413,5.9,12.8,desarrollo,3
414,4.3,1.44,desarrollo,1
415,4.5,6.16,test,-1
416,4.7,3.77,desarrollo,0
417,4.1,1.29,desarrollo,0
418,4.2,0.69,desarrollo,0
419,4.6,3.1,desarrollo,1
420,4.5,3.63,desarrollo,2
421,5.3,22.7,desarrollo,1
422,5.9,17.8,desarrollo,1
423,5.7,9.87,desarrollo,2
424,6.8,28.0,test,-1
425,5.3,8.57,desarrollo,3
426,5.0,3.55,desarrollo,2
427,4.3,1.57,desarrollo,3
428,5.1,7.82,desarrollo,3
429,4.9,6.41,desarrollo,4
430,5.6,14.8,desarrollo,4
431,6.7,22.3,desarrollo,4
432,6.4,25.3,desarrollo,1
433,4.4,0.76,desarrollo,0
434,6.7,27.1,desarrollo,2
435,5.3,16.8,desarrollo,1
436,5.1,13.5,desarrollo,0
437,6.2,22.3,desarrollo,4
438,4.4,3.64,desarrollo,4
439,4.4,4.95,desarrollo,2
440,4.1,1.85,desarrollo,4
441,4.9,12.3,test,-1
442,6.5,22.8,desarrollo,1
443,7.3,31.1,desarrollo,1
444,5.3,12.4,desarrollo,3
445,4.2,3.51,test,-1
446,4.5,3.89,test,-1
447,4.2,2.53,test,-1
448,4.2,1.67,desarrollo,1
449,4.1,1.97,test,-1
450,4.2,7.17,desarrollo,2
451,4.1,0.51,desarrollo,1
452,4.2,0.65,desarrollo,2
453,4.0,0.52,desarrollo,4
454,4.2,0.59,desarrollo,2
455,4.5,1.44,desarrollo,3
456,4.6,2.78,desarrollo,1
457,4.4,2.72,desarrollo,4
458,5.1,4.28,test,-1
460,6.5,23.7,desarrollo,1
461,5.4,6.93,desarrollo,4
462,4.6,1.92,desarrollo,4
463,4.0,0.61,desarrollo,2
464,4.2,0.88,desarrollo,4
465,4.4,2.14,desarrollo,2
466,6.4,23.1,desarrollo,0
467,6.8,23.5,test,-1
468,4.1,8.96,desarrollo,3
469,6.6,28.8,desarrollo,0
470,5.5,3.82,test,-1
471,4.4,5.24,desarrollo,3
472,4.0,0.43,desarrollo,1
473,4.0,2.04,desarrollo,1
474,4.0,4.75,desarrollo,4
475,5.4,16.3,desarrollo,0
476,4.0,0.44,desarrollo,2
477,4.3,0.79,desarrollo,0
478,4.3,1.94,desarrollo,2
479,4.2,0.27,desarrollo,1
480,4.0,0.42,desarrollo,1
481,4.0,0.24,desarrollo,1
482,4.5,3.1,desarrollo,0
483,5.3,11.3,desarrollo,1
484,4.0,3.28,desarrollo,3
485,4.0,2.4,desarrollo,4
486,4.0,0.52,desarrollo,1
487,4.3,2.67,test,-1
488,4.3,2.09,desarrollo,0
489,4.4,3.83,desarrollo,1
490,4.0,0.87,desarrollo,0
491,4.3,3.28,desarrollo,2
492,4.0,2.54,desarrollo,3
493,4.5,1.32,desarrollo,2
494,4.5,4.46,desarrollo,2
495,4.0,0.86,desarrollo,1
496,5.2,7.17,desarrollo,1
497,5.0,7.83,test,-1
498,4.2,0.49,desarrollo,3
499,4.2,0.85,desarrollo,2
500,4.1,0.56,desarrollo,4
501,4.3,0.96,desarrollo,2
502,4.1,0.81,desarrollo,1
503,4.4,0.6,desarrollo,3
504,5.2,5.38,desarrollo,0
505,5.5,10.0,desarrollo,2
506,4.5,2.07,desarrollo,2
507,5.4,14.4,desarrollo,4
508,4.2,3.12,desarrollo,1
509,4.4,6.82,desarrollo,0
510,4.1,4.7,desarrollo,2
511,5.4,19.3,desarrollo,3
512,6.3,26.3,desarrollo,2
513,5.0,15.2,desarrollo,1
514,4.0,1.66,desarrollo,4
515,4.0,1.97,desarrollo,2
516,4.2,10.3,desarrollo,2
517,4.2,7.32,desarrollo,0
518,5.0,19.3,desarrollo,1
519,4.0,7.03,desarrollo,4
520,4.5,3.62,desarrollo,0
521,5.5,14.1,desarrollo,2
522,4.4,1.31,test,-1
523,5.0,7.35,desarrollo,1
524,4.6,5.04,desarrollo,4
525,4.7,4.44,desarrollo,2
526,5.3,15.7,desarrollo,2
527,5.3,5.82,desarrollo,4
528,4.0,0.74,desarrollo,3
529,4.0,0.99,desarrollo,1
530,4.0,1.01,desarrollo,0
531,4.6,5.67,desarrollo,2
532,4.0,5.03,desarrollo,2
533,4.0,2.46,desarrollo,0
534,4.8,3.71,desarrollo,4
535,5.2,6.72,desarrollo,3
536,5.3,7.41,desarrollo,4
538,4.4,2.36,desarrollo,4
539,4.1,3.45,desarrollo,4
540,4.0,0.99,desarrollo,4
541,4.0,0.79,test,-1
542,4.0,1.51,desarrollo,3
543,4.0,4.13,desarrollo,1
544,4.5,5.98,desarrollo,2
545,4.3,12.1,desarrollo,3
546,6.7,19.8,desarrollo,3
547,4.2,3.34,desarrollo,1
548,4.2,1.58,desarrollo,2
549,4.8,10.7,desarrollo,3
550,4.3,1.04,desarrollo,2
551,4.6,9.01,desarrollo,3
552,4.3,4.1,desarrollo,0
553,4.0,2.6,desarrollo,0
554,4.3,1.35,desarrollo,2
555,4.4,3.7,test,-1
556,4.4,1.15,desarrollo,3
557,4.9,1.1,desarrollo,3
558,4.3,1.03,desarrollo,0
559,4.2,1.21,desarrollo,4
560,4.2,1.69,desarrollo,1
561,4.5,0.97,test,-1
562,4.3,1.36,desarrollo,2
563,4.6,1.03,desarrollo,1
564,4.8,3.72,desarrollo,2
565,4.4,1.3,desarrollo,4
566,4.6,0.98,desarrollo,0
567,4.5,1.46,desarrollo,1
568,5.2,9.17,desarrollo,1
569,4.4,1.52,desarrollo,2
570,4.5,1.08,desarrollo,0
571,4.3,1.3,desarrollo,3
572,4.8,7.83,test,-1
573,4.6,1.6,desarrollo,4
574,4.3,3.74,desarrollo,1
575,4.2,1.28,desarrollo,3
576,4.7,5.06,desarrollo,0
577,4.7,1.23,desarrollo,2
578,4.5,1.23,desarrollo,3
579,5.2,7.63,desarrollo,0
580,4.2,2.78,desarrollo,0
581,4.0,1.12,desarrollo,0
582,4.0,1.06,desarrollo,3
583,4.9,7.11,desarrollo,3
584,5.5,19.6,desarrollo,2
585,4.7,5.63,desarrollo,4
586,5.1,12.4,desarrollo,1
587,5.2,9.51,desarrollo,2
588,6.7,30.6,desarrollo,3
589,6.7,22.8,test,-1
590,4.7,1.86,desarrollo,3
591,6.2,18.6,desarrollo,3
592,5.7,21.3,desarrollo,1
593,4.1,2.36,test,-1
594,4.3,4.56,desarrollo,3
595,4.1,1.59,desarrollo,1
596,5.0,12.7,desarrollo,4
597,4.8,14.6,desarrollo,4
598,4.3,5.03,test,-1
599,5.5,17.1,desarrollo,3
600,5.2,13.8,test,-1
601,4.2,13.4,desarrollo,4
602,4.0,1.35,desarrollo,4
603,6.0,22.4,desarrollo,4
604,6.1,22.6,test,-1
605,5.7,19.7,desarrollo,2
606,5.5,14.4,desarrollo,3
607,6.2,24.0,desarrollo,1
608,6.5,33.0,desarrollo,2
609,6.6,23.6,desarrollo,2
610,6.0,23.9,desarrollo,2
611,6.9,27.9,test,-1
612,7.0,28.1,desarrollo,4
613,7.0,27.9,desarrollo,0
614,7.6,27.9,desarrollo,3
615,6.8,34.3,desarrollo,1
616,5.0,13.3,test,-1
617,7.1,36.8,desarrollo,2
618,6.3,23.5,desarrollo,2
619,6.0,19.1,desarrollo,0
620,4.8,14.0,test,-1
621,4.1,1.3,desarrollo,3
622,4.0,1.98,desarrollo,2
623,4.9,5.95,desarrollo,1
624,4.9,2.34,desarrollo,1
625,4.3,0.67,test,-1
626,4.8,8.67,desarrollo,3
627,6.0,25.7,desarrollo,3
628,6.2,18.9,desarrollo,4
629,6.8,25.7,desarrollo,1
630,5.5,15.9,desarrollo,1
631,5.7,22.5,desarrollo,4
632,6.7,32.1,desarrollo,0
633,7.0,18.6,desarrollo,1
634,4.8,0.97,desarrollo,2
635,5.2,7.44,desarrollo,4
636,5.7,13.3,desarrollo,1
637,4.8,5.45,desarrollo,3
638,5.5,15.7,desarrollo,4
639,4.7,0.64,desarrollo,4
640,4.6,1.64,desarrollo,3
641,4.5,5.8,desarrollo,0
642,4.0,1.85,desarrollo,4
643,4.3,1.54,desarrollo,4
644,4.2,3.04,desarrollo,1
645,4.0,2.9,desarrollo,1
646,4.5,15.9,test,-1
647,4.4,13.0,desarrollo,2
648,4.6,5.69,test,-1
649,4.3,6.53,desarrollo,3
650,4.6,11.7,desarrollo,1
651,4.0,2.14,desarrollo,3
652,4.3,4.6,desarrollo,1
653,4.3,6.71,desarrollo,3
654,4.4,5.52,desarrollo,3
655,4.7,17.1,desarrollo,2
656,5.3,10.2,desarrollo,4
657,4.4,8.7,desarrollo,1
658,5.9,16.9,desarrollo,0
659,5.1,11.2,desarrollo,4
660,6.0,11.7,desarrollo,0
661,5.3,11.0,desarrollo,3
662,7.0,32.7,desarrollo,1
663,6.9,31.1,desarrollo,2
664,7.0,15.5,desarrollo,0
665,4.9,10.3,desarrollo,2
666,6.3,26.1,desarrollo,0
667,4.2,10.2,desarrollo,4
668,4.0,3.45,desarrollo,2
669,4.0,4.15,desarrollo,2
670,4.0,3.21,desarrollo,0
671,4.2,3.66,desarrollo,2
672,5.0,9.43,desarrollo,0
673,4.9,9.49,desarrollo,0
674,4.0,1.24,desarrollo,1
675,4.0,1.03,desarrollo,4
676,4.0,0.92,desarrollo,0
677,4.0,1.16,desarrollo,3
678,4.0,1.54,desarrollo,3
679,4.4,0.59,desarrollo,0
680,4.3,0.87,test,-1
681,5.3,6.61,desarrollo,2
682,4.3,1.35,desarrollo,0
683,4.8,7.48,desarrollo,1
684,6.2,20.0,desarrollo,4
685,7.0,32.1,desarrollo,3
687,6.7,22.8,desarrollo,2
688,6.2,15.7,desarrollo,3
689,4.8,5.37,desarrollo,2
690,4.9,4.44,desarrollo,0
691,4.8,4.07,test,-1
692,7.5,33.0,desarrollo,1
693,7.4,31.4,desarrollo,3
694,7.2,35.7,desarrollo,0
695,5.0,5.38,desarrollo,3
696,4.3,2.85,desarrollo,3
697,4.4,9.35,desarrollo,1
698,4.3,2.68,desarrollo,4
699,4.7,5.88,desarrollo,3
700,5.5,4.24,test,-1
701,4.7,5.49,desarrollo,1
702,4.6,5.36,desarrollo,3
703,5.0,10.7,desarrollo,2
704,6.2,15.0,desarrollo,2
705,4.3,4.32,desarrollo,4
706,4.9,11.3,test,-1
707,5.6,14.4,desarrollo,1
708,4.2,4.95,desarrollo,4
709,4.0,2.64,desarrollo,0
710,4.0,2.9,desarrollo,4
711,4.6,7.68,desarrollo,0
712,6.8,32.8,desarrollo,1
713,6.9,23.9,desarrollo,3
714,6.9,24.0,desarrollo,2
715,4.0,1.41,desarrollo,2
716,5.3,12.2,desarrollo,3
717,4.9,8.42,desarrollo,4
718,6.6,19.3,desarrollo,0
719,4.4,2.75,desarrollo,3
720,4.3,3.15,desarrollo,1
721,4.2,2.58,desarrollo,3
722,4.2,4.88,desarrollo,2
723,4.0,2.13,desarrollo,4
724,4.5,4.54,desarrollo,4
725,5.0,10.1,desarrollo,3
726,4.1,2.52,desarrollo,0
727,4.6,9.22,desarrollo,4
728,5.9,16.6,desarrollo,1
729,4.5,7.55,desarrollo,0
730,4.1,1.07,desarrollo,2
731,4.7,3.19,desarrollo,1
732,4.8,5.0,desarrollo,3
733,5.1,8.14,desarrollo,4
734,4.3,2.27,test,-1
735,4.3,2.98,desarrollo,3
736,4.4,3.83,desarrollo,1
737,4.4,4.46,desarrollo,0
738,7.0,27.7,desarrollo,2
739,4.4,2.11,desarrollo,3
740,4.6,4.7,desarrollo,3
741,5.1,10.1,desarrollo,2
742,5.8,11.9,desarrollo,1
743,4.7,7.47,desarrollo,2
744,5.2,7.88,desarrollo,0
745,4.7,8.89,desarrollo,0
746,4.4,3.19,test,-1
747,4.5,3.48,desarrollo,4
748,4.4,3.17,desarrollo,3
749,4.7,4.28,desarrollo,3
750,4.5,7.41,desarrollo,2
751,5.4,17.7,desarrollo,0
752,4.4,4.11,desarrollo,0
753,5.0,4.6,desarrollo,0
754,4.4,4.68,desarrollo,2
755,4.2,3.77,desarrollo,4
756,4.1,3.2,desarrollo,0
757,5.5,13.0,desarrollo,3
758,4.6,7.4,desarrollo,2
759,5.2,10.2,desarrollo,4
760,4.5,4.01,desarrollo,3
761,4.6,4.9,desarrollo,0
762,4.9,10.5,desarrollo,3
763,4.9,8.95,desarrollo,3
764,5.0,9.84,desarrollo,3
765,4.3,6.23,desarrollo,1
766,5.0,8.34,desarrollo,2
767,4.6,6.03,desarrollo,4
768,4.9,10.9,desarrollo,1
769,6.5,27.5,desarrollo,0
770,4.5,2.12,desarrollo,2
771,4.0,0.41,desarrollo,2
772,4.0,0.6,desarrollo,4
773,4.2,1.11,desarrollo,4
774,4.1,0.4,desarrollo,0
775,4.4,1.6,desarrollo,1
776,5.1,3.27,desarrollo,3
777,4.4,1.49,desarrollo,2
778,4.2,0.5,desarrollo,3
779,4.9,4.03,desarrollo,2
780,4.8,3.05,desarrollo,3
781,4.6,1.86,desarrollo,1
782,4.5,0.48,desarrollo,2
783,4.2,0.71,test,-1
784,4.8,4.24,desarrollo,0
785,4.2,0.59,desarrollo,2
786,4.2,0.89,desarrollo,3
787,4.4,2.58,desarrollo,3
788,4.5,2.62,desarrollo,2
789,4.0,0.7,desarrollo,1
790,5.4,3.46,test,-1
791,5.2,5.76,desarrollo,1
792,4.9,1.93,desarrollo,2
793,5.1,4.14,desarrollo,4
794,6.4,12.5,desarrollo,1
795,6.0,15.0,desarrollo,0
796,6.4,26.6,desarrollo,0
797,5.4,14.9,desarrollo,0
798,6.5,18.5,desarrollo,2
799,5.0,4.62,desarrollo,0
800,4.2,0.58,desarrollo,1
801,4.7,4.19,desarrollo,0
802,4.2,1.26,desarrollo,2
803,4.2,0.62,desarrollo,1
804,4.2,1.07,desarrollo,1
805,5.4,11.6,desarrollo,0
806,4.1,1.05,desarrollo,4
807,4.5,3.5,desarrollo,1
808,4.0,1.51,desarrollo,3
809,4.3,2.51,test,-1
810,5.6,20.2,desarrollo,4
811,7.0,29.6,desarrollo,4
812,5.0,8.64,desarrollo,2
813,4.3,2.77,test,-1
814,4.6,6.26,desarrollo,3
815,6.3,18.5,desarrollo,4
816,4.6,7.67,desarrollo,3
817,6.5,29.9,desarrollo,2
818,4.7,5.04,desarrollo,2
819,4.4,0.88,desarrollo,1
820,6.6,30.7,test,-1
822,4.5,3.22,desarrollo,2
823,4.4,6.09,desarrollo,1
824,4.1,4.65,desarrollo,0
825,4.3,5.34,desarrollo,1
826,4.5,7.89,desarrollo,3
827,4.4,2.96,test,-1
828,7.2,27.5,desarrollo,3
829,7.0,27.5,desarrollo,4
830,5.0,9.38,desarrollo,3
831,5.0,11.2,desarrollo,4
832,6.8,25.5,desarrollo,4
833,5.9,20.1,desarrollo,3
834,5.3,16.7,desarrollo,2
835,4.5,4.05,desarrollo,3
836,5.2,25.5,test,-1
837,4.6,7.78,desarrollo,2
838,4.5,6.41,desarrollo,0
839,5.1,11.4,desarrollo,0
840,4.0,2.17,desarrollo,3
841,5.8,19.9,desarrollo,2
842,4.8,8.08,desarrollo,2
843,4.2,4.16,desarrollo,4
844,5.0,14.5,desarrollo,3
845,4.0,2.4,desarrollo,1
846,4.0,2.88,desarrollo,0
847,4.8,8.29,desarrollo,1
848,4.1,2.25,desarrollo,4
849,4.0,2.69,desarrollo,0
850,4.5,3.1,desarrollo,0
851,5.5,15.4,desarrollo,0
852,4.4,4.19,desarrollo,2
853,4.7,6.58,desarrollo,0
854,4.1,1.39,desarrollo,0
855,4.8,6.25,desarrollo,0
856,5.8,13.9,desarrollo,1
857,5.0,5.81,desarrollo,2
858,5.2,11.0,desarrollo,0
859,6.2,18.0,desarrollo,3
860,4.3,0.84,test,-1
861,4.5,7.41,desarrollo,0
862,5.0,10.5,desarrollo,1
863,6.9,24.0,desarrollo,0
864,4.5,2.55,desarrollo,4
865,4.1,2.64,desarrollo,3
866,7.0,22.7,desarrollo,3
867,6.8,20.0,desarrollo,3
868,6.2,15.4,desarrollo,0
869,4.5,3.12,desarrollo,1
870,4.7,4.37,desarrollo,4
871,4.4,1.31,test,-1
872,4.2,1.21,desarrollo,2
873,4.4,1.47,desarrollo,0
874,4.2,1.64,desarrollo,2
875,4.2,2.28,desarrollo,2
876,5.2,8.26,desarrollo,4
877,4.5,3.0,desarrollo,2
878,4.1,1.31,desarrollo,2
879,4.1,1.43,desarrollo,3
880,4.6,3.52,desarrollo,1
881,4.8,4.01,desarrollo,4
882,4.7,6.16,desarrollo,1
883,4.3,1.09,desarrollo,3
884,4.4,1.21,test,-1
885,4.9,8.87,desarrollo,3
886,4.6,4.3,desarrollo,2
887,4.6,2.59,desarrollo,1
888,5.4,15.4,desarrollo,2
889,4.0,1.84,desarrollo,3
890,6.0,19.2,desarrollo,4
891,4.7,4.36,desarrollo,1
892,4.2,4.26,desarrollo,0
893,4.4,2.81,desarrollo,0
894,4.0,0.95,desarrollo,4
895,4.1,1.43,desarrollo,3
896,4.2,1.28,desarrollo,1
897,4.8,1.69,desarrollo,0
898,4.3,1.98,desarrollo,1
899,4.2,1.87,desarrollo,4
900,4.2,2.07,desarrollo,3
901,4.0,2.07,desarrollo,2
904,4.2,2.39,desarrollo,3
905,4.3,0.9,desarrollo,4
906,4.0,0.87,test,-1
907,5.0,2.26,desarrollo,1
908,5.1,7.92,desarrollo,1
909,4.0,0.66,desarrollo,4
910,4.3,1.08,desarrollo,3
911,5.3,12.9,desarrollo,4
912,4.9,5.97,desarrollo,4
913,4.5,4.38,desarrollo,0
914,5.5,14.3,desarrollo,4
915,7.3,24.5,test,-1
916,6.4,17.6,desarrollo,3
917,4.5,3.79,desarrollo,3
918,6.6,21.6,desarrollo,0
919,5.9,18.0,desarrollo,0
920,5.9,21.1,desarrollo,2
921,7.2,25.0,desarrollo,2
922,6.4,14.7,test,-1
923,4.1,1.54,desarrollo,0
924,4.0,1.17,desarrollo,2
925,4.8,3.61,test,-1
926,4.6,1.01,desarrollo,1
927,6.7,30.0,desarrollo,4
928,4.5,1.23,desarrollo,3
929,6.7,25.7,desarrollo,2
930,6.7,27.1,desarrollo,2
931,4.0,0.93,desarrollo,3
932,6.4,20.2,desarrollo,0
933,6.9,22.2,desarrollo,0
934,5.5,13.6,test,-1
935,6.6,19.4,desarrollo,3
936,6.2,18.1,desarrollo,3
937,6.4,21.1,desarrollo,0
938,5.2,13.5,desarrollo,4
939,5.0,4.94,test,-1
940,4.6,2.2,desarrollo,3
941,5.0,10.6,desarrollo,2
942,4.2,0.96,desarrollo,1
943,4.1,1.05,desarrollo,0
944,4.4,1.45,desarrollo,4
945,4.3,3.39,desarrollo,2
946,4.5,6.0,desarrollo,1
947,4.7,6.73,desarrollo,3
948,4.6,5.58,desarrollo,2
949,6.3,14.1,desarrollo,3
950,4.3,1.96,desarrollo,2
951,5.0,13.9,desarrollo,4
952,4.0,4.12,desarrollo,3
953,4.0,2.79,desarrollo,1
954,4.2,3.86,desarrollo,0
955,4.9,10.5,desarrollo,3
956,6.0,17.2,desarrollo,4
957,4.7,4.74,desarrollo,4
958,6.4,17.8,desarrollo,2
959,5.2,7.14,desarrollo,1
960,4.0,1.19,desarrollo,0
961,4.2,1.21,desarrollo,2
963,6.5,15.1,desarrollo,2
964,6.8,28.9,desarrollo,1
965,5.5,20.4,test,-1
966,6.4,27.8,desarrollo,1
967,5.5,13.3,desarrollo,4
968,6.3,25.4,desarrollo,2
969,5.7,13.6,desarrollo,1
970,4.0,1.6,desarrollo,3
971,4.8,9.33,desarrollo,4
972,6.4,17.3,desarrollo,0
973,4.5,5.5,desarrollo,0
974,4.4,4.73,desarrollo,2
975,4.6,4.31,desarrollo,3
976,4.3,6.06,desarrollo,4
977,4.4,10.9,desarrollo,1
978,4.4,10.3,desarrollo,3
980,6.0,19.2,test,-1
981,6.5,16.1,desarrollo,2
983,5.5,17.9,desarrollo,0
984,5.9,31.2,desarrollo,1
985,5.2,20.8,desarrollo,3
986,4.3,3.44,desarrollo,1
987,4.1,1.97,desarrollo,1
988,4.3,4.42,test,-1
989,4.3,4.01,desarrollo,2
990,4.5,13.3,desarrollo,2
991,5.5,25.1,test,-1
992,6.3,26.5,desarrollo,4
993,4.9,10.8,desarrollo,1
